name	country	latitude	longitude
안도라라베야	AD	42.50779	1.52109
두바이	AE	25.07725	55.30927
샤르자	AE	25.33420	55.41221
아부다비	AE	24.45118	54.39696
알아인	AE	24.19167	55.76056
마자르이샤리프	AF	36.70904	67.11087
발흐	AF	36.75635	66.89720
카불	AF	34.52813	69.17233
쿤두즈	AF	36.72895	68.85700
파라	AF	32.37451	62.11638
세인트존스	AG	17.12096	-61.84329
더밸리	AI	18.21704	-63.05783
두러스	AL	41.32355	19.45469
레저	AL	41.78361	19.64361
루슈녀	AL	40.94194	19.70500
베라트	AL	40.70583	19.95222
블로러	AL	40.46960	19.48379
사란더	AL	39.87534	20.00477
지로카스터르	AL	40.07583	20.13889
카바여	AL	41.18556	19.55694
코르처	AL	40.61861	20.78083
티라나	AL	41.32744	19.81866
페친	AL	41.04611	19.75111
포그라데츠	AL	40.90250	20.65250
피에르	AL	40.72510	19.55823
규므리	AM	40.79305	43.84635
바나조르	AM	40.80740	44.49704
아라라트	AM	39.85494	44.69470
아르마비르	AM	40.15553	44.03880
아르타샤트	AM	39.95484	44.54874
아슈타라크	AM	40.29760	44.36152
에치미아진	AM	40.16557	44.29462
예레반	AM	40.17765	44.51260
이제반	AM	40.88037	45.14776
카판	AM	39.20762	46.40678
흐라즈단	AM	40.51690	44.75591
나미브	AO	-15.19611	12.15222
로비투	AO	-12.36440	13.53601
루방구	AO	-14.91717	13.49250
루안다	AO	-8.83682	13.23432
루에나	AO	-11.78333	19.91667
메농그	AO	-14.65850	17.69099
우암부	AO	-12.77611	15.73917
네우켄	AR	-38.95078	-68.05920
라누스	AR	-34.70757	-58.39132
라리오하	AR	-29.41328	-66.85637
라우손	AR	-43.30031	-65.10564
라플라타	AR	-34.92126	-57.95442
레시스텐시아	AR	-27.46363	-58.98665
로사리오	AR	-32.94682	-60.63932
리오가예고스	AR	-51.62530	-69.25229
리오그란데	AR	-53.78773	-67.70975
리오쿠아르토	AR	-33.13044	-64.35272
마르델플라타	AR	-38.00042	-57.55620
메를로	AR	-34.66536	-58.72744
멘도사	AR	-32.88946	-68.84582
모론	AR	-34.65118	-58.62205
바이아블랑카	AR	-38.71760	-62.26545
반필드	AR	-34.74563	-58.39365
베라사테기	AR	-34.76531	-58.21278
부에노스아이레스	AR	-34.61315	-58.37723
비야메르세데스	AR	-33.67571	-65.45783
비에드마	AR	-40.81519	-63.00040
산라몬데라누에바오란	AR	-23.13705	-64.32426
산루이스	AR	-33.29140	-66.32467
산미겔데투쿠만	AR	-26.81601	-65.21051
산살바도르데후후이	AR	-24.19280	-65.29342
산카를로스데바릴로체	AR	-41.14557	-71.30822
산타로사	AR	-36.61617	-64.28991
산티아고델에스테로	AR	-27.80047	-64.26285
산페르난도델바예데카타마르카	AR	-28.46957	-65.78524
산후안	AR	-31.53726	-68.52568
살타	AR	-24.80645	-65.41999
아베야네다	AR	-34.66018	-58.36744
엘칼라파테	AR	-50.34075	-72.27682
우수아이아	AR	-54.81084	-68.31591
카스테라	AR	-34.65142	-58.64074
코르도바	AR	-31.40648	-64.18853
코리엔테스	AR	-27.46784	-58.83440
코모도로리바다비아	AR	-45.86256	-67.49400
콩코르디아	AR	-31.39195	-58.01706
킬메스	AR	-34.72065	-58.25454
탄딜	AR	-37.32870	-59.13690
트렐레우	AR	-43.24895	-65.30505
파라나	AR	-31.73271	-60.52897
포르모사	AR	-26.18489	-58.17313
포사다스	AR	-27.39184	-55.92379
푸에르토이과수	AR	-25.59912	-54.57355
푼타알타	AR	-38.88050	-62.07503
파고파고	AS	-14.27806	-170.70250
그라츠	AT	47.06733	15.44197
도른비른	AT	47.41427	9.74195
루스테나우	AT	47.42642	9.65851
린츠	AT	48.30639	14.28611
바덴바이빈	AT	48.00543	16.23264
브레겐츠	AT	47.50311	9.74710
비너노이슈타트	AT	47.80485	16.23196
비엔나	AT	48.20849	16.37208
슈타이어	AT	48.04274	14.42127
암슈테텐	AT	48.12290	14.87206
인스브루크	AT	47.26266	11.39454
잘츠부르크	AT	47.79941	13.04399
장크트푈텐	AT	48.20762	15.63725
필라흐	AT	46.61028	13.85583
호에넴스	AT	47.36121	9.68694
골번	AU	-34.75155	149.72086
그래프슨	AU	-29.68104	152.93394
뉴캐슬	AU	-32.92953	151.78010
다윈	AU	-12.46113	130.84185
더보	AU	-32.24295	148.60484
데본포트	AU	-41.17695	146.35152
록햄프턴	AU	-23.38032	150.50595
론서스턴	AU	-41.43876	147.13467
마운트갬비어	AU	-37.83180	140.77919
마운트아이자	AU	-20.72523	139.49727
만두라	AU	-32.52690	115.72170
매카이	AU	-21.15345	149.16554
메리버러	AU	-25.54073	152.70493
멜번	AU	-37.81400	144.96332
밀두라	AU	-34.18551	142.16251
배서스트	AU	-33.41665	149.58060
밸러랫	AU	-37.56622	143.84957
번버리	AU	-33.32711	115.64137
벤디고	AU	-36.75818	144.28024
브로큰힐	AU	-31.96520	141.45120
브리즈번	AU	-27.46794	153.02809
세스녹	AU	-32.83211	151.35623
셰퍼튼	AU	-36.38047	145.39867
시드니	AU	-33.86785	151.20732
아미데일	AU	-30.50123	151.66553
애들레이드	AU	-34.92866	138.59863
앨리스스프링스	AU	-23.69748	133.88362
오렌지	AU	-33.28397	149.10018
올버니	AU	-35.02692	117.88369
와람불	AU	-38.38176	142.48799
왕가라타	AU	-36.35846	146.32056
울런공	AU	-34.42400	150.89345
워동가	AU	-36.12179	146.88809
절롱	AU	-38.14711	144.36069
제럴턴	AU	-28.77897	114.61459
캔버라	AU	-35.28346	149.12807
캘굴리	AU	-30.74614	121.47420
케언스	AU	-16.92366	145.76613
코프스하버	AU	-30.29626	153.11351
타레	AU	-31.91099	152.45387
타운즈빌	AU	-19.26639	146.80569
터움바	AU	-27.56056	151.95386
트럴래건	AU	-38.19528	146.54150
퍼스	AU	-31.95224	115.86140
포트헤들랜드	AU	-20.31215	118.61059
프랭크스턴	AU	-38.14458	145.12291
호바트	AU	-42.87936	147.32941
호샴	AU	-36.71131	142.19981
화이앨라	AU	-33.03268	137.56483
오라녜스타트	AW	12.52398	-70.02703
마리에함	AX	60.09726	19.93481
간자	AZ	40.68157	46.36134
바쿠	AZ	40.37767	49.89201
아그담	AZ	39.99096	46.92736
아스타라	AZ	38.45598	48.87498
고라주데	BA	43.66795	18.97564
도보이	BA	44.73179	18.08698
모스타르	BA	43.34333	17.80806
바냐루카	BA	44.77879	17.20629
브르치코	BA	44.87162	18.81630
비소코	BA	43.98889	18.17806
비옐리나	BA	44.75874	19.21437
비하치	BA	44.81694	15.87083
사라예보	BA	43.84864	18.35644
제니차	BA	44.20169	17.90397
투즐라	BA	44.53842	18.66709
트라브니크	BA	44.22637	17.66583
트레비네	BA	42.71197	18.34362
프리예도르	BA	44.97991	16.71401
브리지타운	BB	13.10732	-59.62021
다카	BD	23.71040	90.40744
랑푸르	BD	25.74664	89.25166
실렛	BD	24.89904	91.87198
치타공	BD	22.33840	91.83168
쿨나	BD	22.80979	89.56439
강소랑	BE	50.87065	4.31531
나뮈르	BE	50.46690	4.86746
덴데르몬더	BE	51.02869	4.10106
라루비에르	BE	50.48657	4.18785
루셀라레	BE	50.94653	3.12269
리르	BE	51.13128	4.57041
리에주	BE	50.63373	5.56749
마르슈앙파멘	BE	50.22678	5.34416
마세이크	BE	51.09802	5.78379
메헬렌	BE	51.02574	4.47762
몽스	BE	50.45413	3.95229
무스크롱	BE	50.74497	3.20639
바레험	BE	50.88898	3.42756
뱅슈	BE	50.41155	4.16469
베르비에	BE	50.58907	5.86241
베베런	BE	51.21187	4.25633
브뤼셀	BE	50.85045	4.34878
브뤼허	BE	51.20892	3.22424
생조스탕노드	BE	50.85380	4.37282
생질	BE	50.82763	4.34389
샤를루아	BE	50.41136	4.44448
세랭	BE	50.58362	5.50115
스하르베이크	BE	50.86935	4.37737
신트트라위던	BE	50.81679	5.18647
아르스홋	BE	50.98715	4.83695
아를롱	BE	49.68333	5.81667
아서	BE	50.91011	4.19836
아우데나르더	BE	50.85168	3.60891
안더레흐트	BE	50.83619	4.31454
안트베르펜	BE	51.22047	4.40026
에르스탈	BE	50.66415	5.62346
에베러	BE	50.87441	4.39905
에테르베이크	BE	50.83272	4.38835
오데르겜	BE	50.81667	4.43333
오스텐더	BE	51.21551	2.92700
오이펜	BE	50.62790	6.03647
와테르말부아포르	BE	50.80154	4.41436
우아브르	BE	50.71717	4.60138
워털루	BE	50.71469	4.39910
월뤼브생랑베르	BE	50.84389	4.42912
위클	BE	50.80225	4.33943
이퍼르	BE	50.85114	2.88569
익셀	BE	50.83333	4.36667
장블루	BE	50.56149	4.69889
제트	BE	50.87309	4.33419
코르트레이크	BE	50.82803	3.26487
쿠켈베르흐	BE	50.86117	4.33136
크노커헤이스트	BE	51.35000	3.26667
테선데를로	BE	51.06513	5.08856
통에런	BE	50.78054	5.46484
투르네	BE	50.60715	3.38932
튀른하우트	BE	51.32254	4.94471
튀비즈	BE	50.69059	4.20090
포레	BE	50.81678	4.32775
플뢰뤼스	BE	50.48351	4.55006
하셀트	BE	50.93106	5.33781
헤일	BE	51.16557	4.98917
헨트	BE	51.05000	3.71667
가와	BF	10.33137	-3.18202
방포라	BF	10.64064	-4.75285
보보디울라소	BF	11.18064	-4.29489
와가두구	BF	12.36566	-1.53388
와이구야	BF	13.57690	-2.41786
쿠두구	BF	12.25188	-2.36694
텐코도고	BF	11.78442	-0.37184
가브로보	BG	42.87419	25.31823
노바자고라	BG	42.48333	26.01667
도브리치	BG	43.56491	27.83138
두프니차	BG	42.26478	23.11723
디미트로브그라드	BG	42.05000	25.60000
라즈그라드	BG	43.53331	26.51849
로베치	BG	43.13227	24.71763
루세	BG	43.84872	25.95340
몬타나	BG	43.41285	23.22174
바르나	BG	43.21912	27.91024
벨린그라드	BG	42.02754	23.99155
부르가스	BG	42.50651	27.46886
브라차	BG	43.21052	23.56312
블라고에브그라드	BG	42.01457	23.09804
비딘	BG	43.99159	22.88236
소피아	BG	42.69751	23.32415
스타라자고라	BG	42.43205	25.64262
슬리벤	BG	42.68607	26.32558
실리스트라	BG	44.11710	27.26056
카를로보	BG	42.63333	24.80000
커르잘리	BG	41.64502	25.36578
터르고비슈테	BG	43.25120	26.57215
파자르지크	BG	42.19934	24.33318
페르니크	BG	42.59671	23.03318
페트리치	BG	41.39846	23.20702
플레벤	BG	43.41791	24.61666
플로브디프	BG	42.15387	24.75001
하스코보	BG	41.93415	25.55557
리파	BH	26.13000	50.55500
마나마	BH	26.22787	50.58565
이사타운	BH	26.17361	50.54778
하마드타운	BH	26.11528	50.50694
부줌부라	BI	-3.38193	29.36142
칸디	BJ	11.13417	2.93861
코토누	BJ	6.36536	2.41833
파라쿠	BJ	9.33716	2.63031
포르토노보	BJ	6.49646	2.60359
구스타비아	BL	17.89618	-62.84978
해밀턴	BM	32.29490	-64.78303
반다르스리브가완	BN	4.89035	114.94006
쿠알라블라잇	BN	4.58361	114.23120
과야라메린	BO	-10.82580	-65.35810
끼야꼬요	BO	-17.39228	-66.27838
라파스	BO	-16.50000	-68.15000
리베랄타	BO	-11.01026	-66.05257
몬테로	BO	-17.33874	-63.25093
비아차	BO	-16.65000	-68.30000
비야손	BO	-22.08659	-65.59422
빈토	BO	-17.39141	-66.31681
사카바	BO	-17.39799	-66.03825
수크레	BO	-19.03332	-65.26274
오루로	BO	-17.97153	-67.09320
코비하	BO	-11.02671	-68.76918
코차밤바	BO	-17.38195	-66.15995
콜카피르후아	BO	-17.38570	-66.23814
타리하	BO	-21.53549	-64.72956
투피자	BO	-21.44345	-65.71875
트리니다드	BO	-14.83223	-64.90335
포토시	BO	-19.58361	-65.75306
푸나타	BO	-17.54234	-65.83472
크랄렌데이크	BQ	12.15000	-68.26667
고베르나도르발라다레스	BR	-18.85111	-41.94944
고이아니아	BR	-16.67861	-49.25389
구아자라미링	BR	-10.78356	-65.33552
노바이구아수	BR	-22.75917	-43.45111
노부암부르구	BR	-29.67833	-51.13056
두키지카시아스	BR	-22.78556	-43.31167
론드리나	BR	-23.31028	-51.16278
리베르다데	BR	-23.56338	-46.63228
리우데자네이루	BR	-22.90642	-43.18223
링스	BR	-21.67861	-49.74250
마라바	BR	-5.38146	-49.13232
마링가	BR	-23.42528	-51.93861
마세이오	BR	-9.66583	-35.73528
마카파	BR	0.03889	-51.06639
발렌사	BR	-22.24556	-43.70028
방울뱀	BR	-24.95583	-53.45528
벨렝	BR	-1.45583	-48.50444
벨루오리존치	BR	-19.92083	-43.93778
보타포구	BR	-22.95092	-43.18232
브라질리아	BR	-15.77972	-47.92972
블루메나우	BR	-26.91944	-49.06611
비소자	BR	-20.75389	-42.88194
빌라벨랴	BR	-20.32972	-40.29250
사우바도르	BR	-12.97563	-38.49096
산타렝	BR	-2.44306	-54.70833
산타마리아	BR	-29.68417	-53.80694
산투스	BR	-23.96083	-46.33361
상곤살루	BR	-22.82694	-43.05389
상레오폴두	BR	-29.76028	-51.14722
상루이스	BR	-2.52972	-44.30278
상비센치	BR	-23.96306	-46.39194
상조앙지우레이	BR	-21.13556	-44.26167
상조제두스캄푸스	BR	-23.17944	-45.88694
상카를루스	BR	-22.01750	-47.89083
상크리스토방	BR	-11.01472	-37.20639
상파올로	BR	-23.54750	-46.63611
소로카바	BR	-23.50167	-47.45806
아나닌데우아	BR	-1.36556	-48.37222
아라카주	BR	-10.91111	-37.07167
오루프레투	BR	-20.39484	-43.50517
올린다	BR	-8.00889	-34.85528
우베를란지아	BR	-18.91861	-48.27722
이투	BR	-23.26417	-47.29917
이파네마	BR	-22.98436	-43.20285
자보아탕두스구아라라페스	BR	-8.11278	-35.01472
조인빌리	BR	-26.30444	-48.84556
주앙페소아	BR	-7.11500	-34.86306
주이스지포라	BR	-21.76417	-43.35028
카시아스두술	BR	-29.16806	-51.17944
캄푸그란지	BR	-20.44278	-54.64639
캄피나그란지	BR	-7.23056	-35.88111
캄피나스	BR	-22.90556	-47.06083
코룸바	BR	-19.00917	-57.65333
콘타젱	BR	-19.93167	-44.05361
콜롬부	BR	-25.29167	-49.22417
쿠리치바	BR	-25.42778	-49.27306
쿠바타오	BR	-23.89500	-46.42528
쿠이아바	BR	-15.59611	-56.09667
키키	BR	-22.99835	-43.36545
테레지나	BR	-5.08917	-42.80194
파우마스	BR	-26.48417	-51.99056
페이라지산타나	BR	-12.26667	-38.96667
페트로폴리스	BR	-22.50500	-43.17861
펠로타스	BR	-31.76997	-52.34101
포르모자	BR	-15.53722	-47.33444
포르탈레자	BR	-3.71722	-38.54306
포르투벨류	BR	-8.76194	-63.90389
포르투알레그리	BR	-30.03283	-51.23019
포스두이구아수	BR	-25.54778	-54.58806
플로리아노폴리스	BR	-27.59667	-48.54917
피쿠스	BR	-7.07694	-41.46694
헤시피	BR	-8.05389	-34.88111
헤젠지	BR	-22.46889	-44.44667
히베이랑프레투	BR	-21.17750	-47.81028
히우브랑쿠	BR	-9.97472	-67.81000
나소	BS	25.05823	-77.34306
팀부	BT	27.46609	89.64191
푼촐링	BT	26.85164	89.38837
가보로네	BW	-24.65451	25.90859
간지	BW	-21.69785	21.64581
로바체	BW	-25.22435	25.67728
마운	BW	-19.98333	23.41667
마할라피에	BW	-23.10407	26.81421
모추디	BW	-24.41667	26.15000
몰레폴롤레	BW	-24.40659	25.49508
세로웨	BW	-22.38754	26.71077
셀레비피퀘	BW	-21.97895	27.84296
카니에	BW	-24.96675	25.33273
프랜시스타운	BW	-21.17000	27.50778
나바폴라츠크	BY	55.52618	28.59308
나바흐루다크	BY	53.59420	25.81910
리다	BY	53.88333	25.29972
마지르	BY	52.04162	29.21631
민스크	BY	53.90019	27.56653
보르샤	BY	54.51362	30.40365
브레스트	BY	52.10894	23.71749
비쳅스크	BY	55.19040	30.20490
비하프	BY	53.52131	30.23078
살리호르스크	BY	52.78981	27.53583
슬로님	BY	53.08751	25.31707
슬루츠크	BY	53.01522	27.54159
폴라츠크	BY	55.48790	28.78560
핀스크	BY	52.12153	26.06726
호멜	BY	52.43450	30.97540
흐로드나	BY	53.67580	23.82887
벨리즈시티	BZ	17.49952	-88.19756
벨모판	BZ	17.25376	-88.76401
샌이그나시오	BZ	17.15880	-89.06960
가티노	CA	45.47723	-75.70164
궬프	CA	43.54594	-80.25599
그랜디프레리	CA	55.16667	-118.80271
나나이모	CA	49.16638	-123.94003
나이아가라온더레이크	CA	43.25655	-79.08527
나이아가라폴스	CA	43.10012	-79.06627
노스밴쿠버	CA	49.31636	-123.06934
뉴마켓	CA	44.05011	-79.46631
뉴웨스트민스터	CA	49.20678	-122.91092
다트머스	CA	44.67134	-63.57719
델타	CA	49.08917	-123.05322
랭글리	CA	49.10107	-122.65883
런던	CA	42.98339	-81.23304
레드디어	CA	52.26682	-113.80200
레스브리지	CA	49.69999	-112.81856
롱괴이	CA	45.51520	-73.46818
리덕	CA	53.26682	-113.55201
리자이나	CA	50.45008	-104.61780
리치먼드	CA	49.17003	-123.13683
리치먼드힐	CA	43.87111	-79.43725
린지	CA	44.35012	-78.73286
멍크턴	CA	46.09454	-64.79650
메디신햇	CA	50.03928	-110.67661
메이플리지	CA	49.21939	-122.60193
몬트리올	CA	45.50884	-73.58781
무스조	CA	50.40005	-105.53445
미션	CA	49.13298	-122.30258
미시소거	CA	43.57890	-79.65830
배리	CA	44.40011	-79.66634
밴쿠버	CA	49.24966	-123.11934
버너비	CA	49.26636	-122.95263
벌링턴	CA	43.38621	-79.83713
벨빌	CA	44.16682	-77.38277
브랜트퍼드	CA	43.13340	-80.26636
브램턴	CA	43.68341	-79.76633
빅토리아	CA	48.43590	-123.35155
사그네	CA	48.41675	-71.06573
사니아	CA	42.97866	-82.40407
새스커툰	CA	52.13238	-106.66892
샬럿타운	CA	46.23459	-63.12560
서드베리	CA	46.49000	-80.99001
서리	CA	49.10635	-122.82509
선더베이	CA	48.38202	-89.25018
세인트앨버트	CA	53.63344	-113.63533
세인트존	CA	45.27076	-66.05616
세인트존스	CA	47.56494	-52.70931
세인트캐서린스	CA	43.17126	-79.24267
셰르브루크	CA	45.40008	-71.89908
수세인트마리	CA	46.51677	-84.33325
스쿼미시	CA	49.69925	-123.15631
스트라스부르	CA	49.52579	-96.68451
스트랫퍼드	CA	43.36679	-80.94972
시드니	CA	46.13510	-60.18310
애버츠퍼드	CA	49.05798	-122.25257
에드먼턴	CA	53.55014	-113.46871
에어드리	CA	51.30011	-114.03528
에이잭스	CA	43.85012	-79.03288
옐로나이프	CA	62.45411	-114.37248
오로라	CA	44.00011	-79.46632
오샤와	CA	43.90012	-78.84957
오코톡스	CA	50.72885	-113.98281
오크빌	CA	43.45011	-79.68292
오타와	CA	45.41117	-75.69812
요크턴	CA	51.21670	-102.46766
워털루	CA	43.46680	-80.51639
웨스트밴쿠버	CA	49.32860	-123.16019
웰랜드	CA	42.98342	-79.24958
위니펙	CA	49.88440	-97.14704
윈저	CA	42.30008	-83.01654
조지타운	CA	43.65011	-79.91634
캘거리	CA	51.05011	-114.08529
캠벨리버	CA	50.01634	-125.24459
케임브리지	CA	43.36010	-80.31269
켈로나	CA	49.88307	-119.48568
코너브룩	CA	48.95001	-57.95202
코퀴틀럼	CA	49.28460	-122.78217
콘월	CA	45.01809	-74.72815
콜우드	CA	48.43293	-123.48591
퀘벡	CA	46.81228	-71.21454
키치너	CA	43.42537	-80.51120
키칠라노	CA	49.26667	-123.16667
킹스턴	CA	44.22976	-76.48098
토론토	CA	43.70643	-79.39864
트루아리비에르	CA	46.34515	-72.54770
티민스	CA	48.46686	-81.33312
포트맥머리	CA	56.72676	-111.38103
포트무디	CA	49.28124	-122.82457
포트코퀴틀럼	CA	49.26637	-122.76932
포트콜본	CA	42.90012	-79.23288
프레더릭턴	CA	45.94541	-66.66558
프린스조지	CA	53.91660	-122.75301
피커링	CA	43.90012	-79.13289
피터버러	CA	44.30012	-78.31623
피트메도스	CA	49.22119	-122.68965
해밀턴	CA	43.25011	-79.84963
화이트록	CA	49.02049	-122.79507
화이트호스	CA	60.71611	-135.05375
휘트비	CA	43.88342	-78.93287
고마	CD	-1.67409	29.22845
루붐바시	CD	-11.66089	27.47938
리벤지	CD	3.65332	18.63566
리카시	CD	-10.98303	26.73840
마타디	CD	-5.83861	13.46306
바산쿠수	CD	1.22095	19.80205
보마	CD	-5.85098	13.05364
붐바	CD	2.18771	22.46827
아케티	CD	2.73877	23.78326
음반다카	CD	0.04865	18.26034
카낭가	CD	-5.89624	22.41659
칼레미	CD	-5.94749	29.19471
키상가니	CD	0.51528	25.19099
키퀴트	CD	-5.04098	18.81619
킨두	CD	-2.94373	25.92237
킨샤사	CD	-4.32758	15.31357
방기	CF	4.36122	18.55496
보카랑가	CF	6.98533	15.64062
부아르	CF	5.93404	15.59599
돌리지	CG	-4.19834	12.66664
브라자빌	CG	-4.26613	15.28318
푸앵트누아르	CG	-4.77609	11.86352
뇌샤텔	CH	46.99179	6.93100
라쇼드퐁	CH	47.09993	6.82586
로카르노	CH	46.17086	8.79953
루가노	CH	46.01008	8.96004
루체른	CH	47.05048	8.30635
모르주	CH	46.51127	6.49854
몽테	CH	46.25451	6.95406
몽트뢰	CH	46.43301	6.91143
바덴	CH	47.47333	8.30592
바젤	CH	47.55839	7.57327
베르니에	CH	46.21702	6.08497
베른	CH	46.94809	7.44744
브베	CH	46.46299	6.84345
빈터투어	CH	47.50564	8.72413
샤프하우젠	CH	47.69732	8.63493
슈비츠	CH	47.02076	8.65414
시옹	CH	46.22739	7.35559
아라우	CH	47.39254	8.04422
올텐	CH	47.34999	7.90329
이베르동레뱅	CH	46.77852	6.64115
제네바	CH	46.20222	6.14569
졸로투른	CH	47.20791	7.53714
취리히	CH	47.36667	8.55000
카루주	CH	46.18096	6.13921
쿠어	CH	46.84986	9.53287
프라우엔펠트	CH	47.55776	8.89893
헤리자우	CH	47.38615	9.27916
달로아	CI	6.87735	-6.45022
부아케	CI	7.69385	-5.03031
상페드로	CI	4.74851	-6.63630
아방구루	CI	6.72972	-3.49639
아비장	CI	5.35444	-4.00167
야무수크로	CI	6.82055	-5.27674
코로고	CI	9.45803	-5.62961
아바루아	CK	-21.20750	-159.77546
그라네로스	CL	-34.06863	-70.72747
누에바임페리알	CL	-38.74451	-72.95025
뉴뇨아	CL	-33.44735	-70.58279
라리과	CL	-32.45242	-71.23106
라세레나	CL	-29.90591	-71.25014
라우니온	CL	-40.29313	-73.08167
라칼레라	CL	-32.78676	-71.19795
라핀타나	CL	-33.58331	-70.63419
랑카과	CL	-34.16910	-70.74053
렝고	CL	-34.40639	-70.85834
로스빌로스	CL	-31.91292	-71.50045
로스앙헬레스	CL	-37.46973	-72.35366
로타	CL	-37.08994	-73.15770
로프라도	CL	-33.44430	-70.72552
리나레스	CL	-35.84667	-71.59308
리마체	CL	-33.01327	-71.26084
마찰리	CL	-34.18082	-70.64933
멜리피야	CL	-33.68909	-71.21528
발디비아	CL	-39.81422	-73.24589
발파라이소	CL	-33.03600	-71.62963
비냐델마르	CL	-33.02457	-71.55183
비야리카	CL	-39.28569	-72.22790
비야알레마나	CL	-33.04823	-71.37290
빅토리아	CL	-38.23291	-72.33292
산카를로스	CL	-36.42477	-71.95800
산타크루스	CL	-34.63881	-71.36576
산티아고	CL	-33.45694	-70.64827
산페드로데라파스	CL	-36.83897	-73.10028
산하이베르	CL	-35.59520	-71.72924
아라우코	CL	-37.24630	-73.31752
아리카	CL	-18.47552	-70.30058
안토파가스타	CL	-23.65094	-70.39752
알토오스피시오	CL	-20.26871	-70.10490
앙쿠드	CL	-41.87070	-73.81622
엘키스코	CL	-33.39772	-71.69388
우알키	CL	-36.97266	-72.93559
우알펜	CL	-36.78908	-73.10165
이키케	CL	-20.21326	-70.15027
치과얀테	CL	-36.92560	-73.02841
카녜테	CL	-37.80128	-73.39616
카르타헤나	CL	-33.55384	-71.60761
카우케네스	CL	-35.96710	-72.32248
칼데라	CL	-27.06812	-70.81921
칼라마	CL	-22.45667	-68.92371
칼부코	CL	-41.77338	-73.13049
코킴보	CL	-29.95332	-71.33947
코피아포	CL	-27.36737	-70.33219
콘셉시온	CL	-36.82699	-73.04977
콘스티투시온	CL	-35.33321	-72.41156
콜리나	CL	-33.20443	-70.67474
콜분	CL	-35.69494	-71.40568
콩콘	CL	-32.92203	-71.51619
쿠라닐라우에	CL	-37.47793	-73.34495
쿠라카비	CL	-33.39762	-71.12708
쿠리코	CL	-34.98279	-71.23943
키요타	CL	-32.88341	-71.24882
킨테로	CL	-32.78588	-71.53222
킬리쿠라	CL	-33.36799	-70.71388
탈라간테	CL	-33.66386	-70.92734
탈카	CL	-35.42320	-71.64974
탈카우아노	CL	-36.72494	-73.11684
테무코	CL	-38.73628	-72.59738
토메	CL	-36.61756	-72.95593
토코피야	CL	-22.09198	-70.19792
트라이겐	CL	-38.24960	-72.67027
팡기푸이	CL	-39.64355	-72.33269
페냘롤렌	CL	-33.46836	-70.53411
펭코	CL	-36.74075	-72.99528
푸랑케	CL	-40.91305	-73.15913
푸에르토몬트	CL	-41.46930	-72.94237
푸에르토바라스	CL	-41.31946	-72.98538
푸콘	CL	-39.28223	-71.95427
푼타아레나스	CL	-53.16282	-70.90922
가루아	CM	9.30143	13.39771
두알라	CM	4.04827	9.70428
림베	CM	4.02356	9.20607
마루아	CM	10.59095	14.31593
바멘다	CM	5.95970	10.14597
바푸삼	CM	5.47775	10.41759
베르투아	CM	4.57728	13.68459
부에아	CM	4.15342	9.24231
야운데	CM	3.86667	11.51667
응가운데레	CM	7.32765	13.58472
광저우	CN	23.11667	113.25000
난징	CN	32.06167	118.77778
대련	CN	38.91222	121.60222
라사	CN	29.65000	91.10000
뤼순	CN	38.80000	121.26667
류저우시	CN	24.32405	109.40698
만저우리	CN	49.60000	117.43333
바중시	CN	31.86940	106.74432
북경	CN	39.90750	116.39723
상해	CN	31.22222	121.45806
샹양시	CN	32.04220	112.14479
선양	CN	41.79222	123.43278
소흥	CN	30.00237	120.57864
스허즈	CN	44.30230	86.03694
시창	CN	27.89642	102.26341
심천	CN	22.54554	114.06830
아러타이	CN	47.85050	88.13286
연길	CN	42.88825	129.50241
연대	CN	37.47649	121.44081
위해	CN	37.50914	122.11356
장춘	CN	43.88000	125.32278
천진	CN	39.14222	117.17667
하미	CN	42.83393	93.50601
항주	CN	30.29365	120.16142
화이안시	CN	33.58861	119.01917
레티시아	CO	-4.21079	-69.93944
리오네그로	CO	6.15515	-75.37371
마니살레스	CO	5.06680	-75.50684
메데인	CO	6.24500	-75.57151
모코아	CO	1.15284	-76.65208
바랑키야	CO	10.96854	-74.78132
보고타	CO	4.60971	-74.08175
부카라망가	CO	7.12500	-73.11895
비야비센시오	CO	4.13238	-73.62564
시파키라	CO	5.02208	-74.00481
신셀레호	CO	9.30450	-75.39050
아라우카	CO	7.08471	-70.75908
예두파르	CO	10.46538	-73.25310
요팔	CO	5.33573	-72.39390
이바게	CO	4.43573	-75.20289
카르타헤나	CO	10.39817	-75.49328
칼리	CO	3.43054	-76.51990
쿠쿠타	CO	7.90745	-72.50490
키브도	CO	5.69188	-76.65835
툰하	CO	5.54481	-73.35756
포파얀	CO	2.43823	-76.61316
리몬	CR	9.99074	-83.03596
리베리아	CR	10.63517	-85.43779
산호세	CR	9.93388	-84.08489
알라후엘라	CR	10.01723	-84.21275
에레디아	CR	9.99872	-84.11587
카르타고	CR	9.86371	-83.91950
푼타레나스	CR	9.97691	-84.83790
누에바헤로나	CU	21.88759	-82.80662
라스투나스	CU	20.96135	-76.95192
만사니요	CU	20.34240	-77.11928
바라데로	CU	23.15678	-81.24441
산타클라라	CU	22.40711	-79.96581
산티아고데쿠바	CU	20.02287	-75.82171
아바나	CU	23.13302	-82.38304
트리니다드	CU	21.79956	-79.98349
민델루	CV	16.89014	-24.98042
프라이아	CV	14.93152	-23.51254
빌렘스타트	CW	12.12246	-68.88641
플라잉피시코브	CX	-10.42172	105.67912
니코시아	CY	35.17284	33.35397
라르나카	CY	34.92210	33.62794
리마솔	CY	34.68406	33.03794
키레니아	CY	35.33634	33.31729
파마구스타	CY	35.12489	33.94135
노베메스토	CZ	50.07829	14.42089
데친	CZ	50.78215	14.21478
리베레츠	CZ	50.76711	15.05619
리토메르지체	CZ	50.53348	14.13180
베네쇼프	CZ	49.78162	14.68697
브르노	CZ	49.19522	16.60796
브르제츨라프	CZ	48.75897	16.88203
소콜로프	CZ	50.18130	12.64010
슘페르크	CZ	49.96528	16.97061
스미호프	CZ	50.07204	14.40415
야블로네츠나트니소우	CZ	50.72431	15.17108
오스트라바	CZ	49.83465	18.28204
오트로코비체	CZ	49.20934	17.53944
오파바	CZ	49.93866	17.90257
올로모우츠	CZ	49.59552	17.25175
이친	CZ	50.43723	15.35162
즈노이모	CZ	48.85550	16.04880
체스키테신	CZ	49.74613	18.62613
카를로비바리	CZ	50.23271	12.87117
코프르지브니체	CZ	49.59947	18.14480
콜린	CZ	50.02806	15.19980
쿠트나호라	CZ	49.94839	15.26816
크랄루피나트블타보우	CZ	50.24107	14.31149
크로메르지시	CZ	49.29785	17.39312
크르노프	CZ	50.08967	17.70385
클라드노	CZ	50.14734	14.10285
타보르	CZ	49.41441	14.65780
테플리체	CZ	50.64040	13.82451
파르두비체	CZ	50.04075	15.77659
프라하	CZ	50.08804	14.42076
프로스테요프	CZ	49.47188	17.11184
프르제로프	CZ	49.45511	17.45090
프르지브람	CZ	49.68988	14.01043
프리데크미스테크	CZ	49.68333	18.35000
플젠	CZ	49.74747	13.37759
피세크	CZ	49.30880	14.14750
하비르조프	CZ	49.77984	18.43688
헤프	CZ	50.07963	12.37392
호무토프	CZ	50.46048	13.41779
흐라니체	CZ	49.54796	17.73469
흐라데츠크랄로베	CZ	50.20923	15.83277
가르미슈파르텐키르헨	DE	47.49209	11.09576
게라	DE	50.88029	12.08187
겔젠키르헨	DE	51.50508	7.09654
고타	DE	50.94823	10.70193
괴를리츠	DE	51.15518	14.98853
괴팅겐	DE	51.53443	9.93228
귀터슬로	DE	51.90693	8.37853
그라이프스발트	DE	54.08905	13.40244
그리마	DE	51.23367	12.71959
글라트베크	DE	51.57077	6.98593
기센	DE	50.58727	8.67554
나움부르크	DE	51.14987	11.80979
네카르줄름	DE	49.18912	9.22527
노르트하우젠	DE	51.50180	10.79570
노이루핀	DE	52.92815	12.80311
노이뮌스터	DE	54.07399	9.98456
노이브란덴부르크	DE	53.55735	13.26105
노이스	DE	51.19807	6.68504
노이울름	DE	48.39279	10.01112
뇌르틀링겐	DE	48.85122	10.48868
뉘른베르크	DE	49.45421	11.07752
다름슈타트	DE	49.87167	8.65027
다하우	DE	48.26000	11.43402
데사우	DE	51.83864	12.24555
데트몰트	DE	51.93855	8.87318
델리치	DE	51.52546	12.34284
도르트문트	DE	51.51494	7.46600
뒤렌	DE	50.80434	6.49299
뒤셀도르프	DE	51.22319	6.77927
뒤스부르크	DE	51.43247	6.76516
드레스덴	DE	51.05089	13.73832
라벤스부르크	DE	47.78198	9.61062
라슈타트	DE	48.85851	8.20965
라이네	DE	52.28509	7.44055
라이프치히	DE	51.33962	12.37129
라테노프	DE	52.60659	12.33696
라팅엔	DE	51.29724	6.84929
란츠후트	DE	48.52961	12.16179
레겐스부르크	DE	49.01513	12.10161
레버쿠젠	DE	51.03030	6.98432
레클링하우젠	DE	51.61379	7.19738
렘샤이트	DE	51.17983	7.19250
로스토크	DE	54.08870	12.14049
로이틀링겐	DE	48.49144	9.20427
로젠하임	DE	47.85637	12.12247
로트바일	DE	48.16783	8.62719
루켄발데	DE	52.09029	13.16772
루트비히스하펜	DE	49.48121	8.44641
뤼네부르크	DE	53.25122	10.41548
뤼넨	DE	51.61634	7.52872
뤼베크	DE	53.86893	10.68729
림부르크안데어란	DE	50.38360	8.05030
마그데부르크	DE	52.13129	11.63189
마이센	DE	51.16158	13.47370
마인츠	DE	49.98185	8.28008
만하임	DE	49.48910	8.46694
뫼르스	DE	51.45342	6.63260
묀헨글라트바흐	DE	51.18539	6.44172
뮌스터	DE	51.96236	7.62571
뮌헨	DE	48.13743	11.57549
뮐하우젠	DE	51.20896	10.45275
바덴바덴	DE	48.76060	8.23975
바이로이트	DE	49.94782	11.57893
바이마르	DE	50.98030	11.32903
바일데어슈타트	DE	48.74953	8.87176
바트외인하우젠	DE	52.20699	8.80365
바트홈부르크포어데어회에	DE	50.22683	8.61816
밤베르크	DE	49.89873	10.90067
베른부르크	DE	51.79464	11.74010
베를린	DE	52.52437	13.41053
베츨라어	DE	50.56109	8.50495
보름스	DE	49.63278	8.35916
보트로프	DE	51.52392	6.92850
보파르트	DE	50.23085	7.58992
보훔	DE	51.48165	7.21648
볼프스부르크	DE	52.42360	10.77597
부퍼탈	DE	51.25627	7.14816
뷔르츠부르크	DE	49.79391	9.95121
뷔케부르크	DE	52.26065	9.04939
브라운슈바이크	DE	52.26594	10.52673
브란덴부르크안데어하펠	DE	52.41667	12.55000
브레머하펜	DE	53.55357	8.57553
브레멘	DE	53.07582	8.80717
브리츠	DE	52.44293	13.43388
비스바덴	DE	50.08601	8.24435
비텐	DE	51.44362	7.35258
빌레펠트	DE	52.03333	8.53333
빌헬름스하펜	DE	53.54760	8.10395
쉬케	DE	52.91345	8.82209
슈베린	DE	53.62937	11.41316
슈타른베르크	DE	48.00193	11.34416
슈텐달	DE	52.60578	11.86091
슈투트가르트	DE	48.78232	9.17702
슈트랄준트	DE	54.30911	13.08180
슈파이어	DE	49.32083	8.43111
아샤펜부르크	DE	49.97704	9.15214
아우크스부르크	DE	48.37154	10.89851
아이슬레벤	DE	51.52754	11.54835
아이제나흐	DE	50.98070	10.31522
아헨	DE	50.77664	6.08342
알렌	DE	48.83777	10.09330
알렌	DE	51.76338	7.88870
알텐부르크	DE	50.98763	12.43684
에르푸르트	DE	50.97734	11.03536
에를랑겐	DE	49.59099	11.00783
에베르스발데	DE	52.83492	13.81951
에센	DE	51.45657	7.01228
에슈바일러	DE	50.81854	6.27184
엠덴	DE	53.36592	7.20846
예나	DE	50.92878	11.58990
오라니엔부르크	DE	52.74800	13.25194
오버하우젠	DE	51.47805	6.86250
오스나브뤼크	DE	52.27264	8.04980
올덴부르크	DE	53.14039	8.21479
울름	DE	48.39841	9.99155
위터젠	DE	53.68878	9.66197
이절론	DE	51.37547	7.70281
자르브뤼켄	DE	49.23262	7.00982
자를루이	DE	49.31366	6.75154
잘츠기터	DE	52.15705	10.41540
장거하우젠	DE	51.47221	11.29533
젠프텐베르크	DE	51.52517	14.00164
졸링겐	DE	51.17343	7.08450
졸타우	DE	52.98537	9.83983
진스하임	DE	49.25290	8.87867
첼레	DE	52.62264	10.08047
츠비카우	DE	50.72724	12.48839
카를스루에	DE	49.00937	8.40444
카셀	DE	51.31667	9.50000
카이저슬라우테른	DE	49.44300	7.77161
켐니츠	DE	50.83570	12.92922
코부르크	DE	50.25937	10.96384
코블렌츠	DE	50.35357	7.57883
콘스탄츠	DE	47.66033	9.17582
콘츠	DE	49.70045	6.57652
콧부스	DE	51.75769	14.32888
쾨텐	DE	51.75185	11.97093
쾰른	DE	50.93333	6.95000
쿡스하펜	DE	53.86828	8.69902
크레펠트	DE	51.33645	6.55381
크베들린부르크	DE	51.78843	11.15006
클레베	DE	51.78826	6.13865
튀빙겐	DE	48.52266	9.05222
트라운슈타인	DE	47.86825	12.64335
트리어	DE	49.75565	6.63935
파더보른	DE	51.71905	8.75439
파사우	DE	48.56650	13.43122
포르스트	DE	51.73544	14.63971
포르츠하임	DE	48.88436	8.69892
포츠담	DE	52.39886	13.06566
풀다	DE	50.55162	9.67518
퓌르트	DE	49.47593	10.98856
프라이베르크	DE	50.91089	13.33881
프라이징	DE	48.40351	11.74876
프랑크푸르트	DE	50.11552	8.68417
프리드리히스하펜	DE	47.65689	9.47554
플라우엔	DE	50.49730	12.13782
플렌스부르크	DE	54.78805	9.43722
피르마젠스	DE	49.20145	7.60529
하노버	DE	52.37052	9.73322
하멜른	DE	52.10397	9.35623
하이델베르크	DE	49.40768	8.69079
하일브론	DE	49.13995	9.22054
함부르크	DE	53.55073	9.99302
헤르네	DE	51.53880	7.22572
헤머	DE	51.38707	7.77019
호프	DE	50.31297	11.91261
휜펠트	DE	50.67966	9.76727
힐데스하임	DE	52.15077	9.95112
디크힐	DJ	11.10454	42.36971
오보크	DJ	11.96693	43.28835
지부티	DJ	11.58901	43.14503
타주라	DJ	11.78778	42.88222
네스트베드	DK	55.22992	11.76092
라네르스	DK	56.46070	10.03639
로스킬레	DK	55.64152	12.08035
바일레	DK	55.70927	9.53570
비보르	DK	56.45319	9.40201
쇠네르보르	DK	54.90896	9.78917
실케보르	DK	56.16970	9.54508
에스비에르	DK	55.47028	8.45187
오덴세	DK	55.39594	10.38831
오벤로	DK	55.04434	9.41741
올보르	DK	57.04800	9.91870
코이에	DK	55.45802	12.18214
코펜하겐	DK	55.67594	12.56553
콜링	DK	55.49040	9.47216
퇴네르	DK	54.93306	8.86674
프레데리시아	DK	55.56568	9.75257
프레데릭스베르	DK	55.67938	12.53463
프레데릭스하운	DK	57.44073	10.53661
헬싱외르	DK	56.03606	12.61360
호르센스	DK	55.86066	9.85034
로조	DM	15.30174	-61.38808
라로마나	DO	18.42332	-68.96635
라베가	DO	19.22031	-70.53101
산토도밍고	DO	18.47186	-69.89232
산티아고데로스카바예로스	DO	19.45036	-70.69085
푸에르토플라타	DO	19.79344	-70.68840
가르다이아	DZ	32.49094	3.67347
마스카라	DZ	35.39664	0.14027
메데아	DZ	36.26417	2.75393
밀라	DZ	36.45028	6.26444
바트나	DZ	35.55597	6.17414
베샤르	DZ	31.61667	-2.21667
블리다	DZ	36.47004	2.82770
비스크라	DZ	34.85038	5.72805
사이다	DZ	34.83033	0.15171
세티프	DZ	36.19112	5.41373
수크아라스	DZ	36.28639	7.95111
스킥다	DZ	36.87617	6.90921
시디벨아베스	DZ	35.18994	-0.63085
아드라르	DZ	27.87429	-0.29388
안나바	DZ	36.90000	7.76667
알제	DZ	36.73225	3.08746
오랑	DZ	35.69906	-0.63588
우아르글라	DZ	31.94932	5.32502
인살라	DZ	27.19678	2.47913
타만라세트	DZ	22.78500	5.52278
투구르트	DZ	33.11083	6.07000
틀렘센	DZ	34.87833	-1.31500
티지우주	DZ	36.71182	4.04591
티파자	DZ	36.58972	2.44889
틴두프	DZ	27.67111	-8.14743
하시메사우드	DZ	31.68041	6.07286
과란다	EC	-1.59106	-78.99903
과야킬	EC	-2.19616	-79.88621
누에바로하	EC	0.08600	-76.89528
라타쿵가	EC	-0.93424	-78.61520
로하	EC	-3.99313	-79.20422
리오밤바	EC	-1.66506	-78.65887
마찰라	EC	-3.25886	-79.95876
만타	EC	-0.94937	-80.73137
밀라그로	EC	-2.13396	-79.59337
바바오요	EC	-1.80493	-79.52492
산타엘레나	EC	-2.22652	-80.85807
살리나스	EC	-2.21452	-80.95151
아소게스	EC	-2.73982	-78.84561
암바토	EC	-1.24908	-78.61675
쿠엥카	EC	-2.89530	-78.99630
키토	EC	-0.22985	-78.52495
테나	EC	-0.99610	-77.81315
툴칸	EC	0.81240	-77.71709
포르토비에호	EC	-1.05764	-80.45145
푸요	EC	-1.49156	-78.00337
나르바	EE	59.37722	28.19028
마르두	EE	59.46529	24.98215
빌랸디	EE	58.36319	25.59159
코흐틀라얘르베	EE	59.39861	27.27306
타르투	EE	58.38062	26.72509
탈린	EE	59.43696	24.75353
다미에타	EG	31.41648	31.81332
로제타	EG	31.39951	30.41718
룩소르	EG	25.69893	32.64210
빌베이스	EG	30.42039	31.56223
사파가	EG	26.74906	33.93891
샤름엘셰이크	EG	27.91582	34.32995
소하그	EG	26.55695	31.69478
수에즈	EG	29.97371	32.52627
아리시	EG	31.13159	33.79844
아스완	EG	24.09082	32.89942
알렉산드리아	EG	31.20176	29.91582
에드푸	EG	24.97916	32.87722
이스마일리아	EG	30.60427	32.27225
자가지그	EG	30.58768	31.50200
카이로	EG	30.06263	31.24967
후르가다	EG	27.25738	33.81291
엘아이운	EH	27.14180	-13.18797
마사와	ER	15.60811	39.47455
아스마라	ER	15.33805	38.93184
케렌	ER	15.77792	38.45107
그라나다	ES	37.18817	-3.60667
라코루냐	ES	43.37135	-8.39600
레가네스	ES	40.32718	-3.76350
로그로뇨	ES	42.46615	-2.45115
마드리드	ES	40.41650	-3.70256
마르베야	ES	36.51543	-4.88583
마타로	ES	41.54211	2.44450
말라가	ES	36.72016	-4.42034
멜리야	ES	35.29369	-2.93833
모스톨레스	ES	40.32234	-3.86496
몬티야	ES	37.58627	-4.63805
미란다데에브로	ES	42.68650	-2.94695
바달로나	ES	41.45004	2.24741
바르셀로나	ES	41.38879	2.15899
바야돌리드	ES	41.65541	-4.72353
바일렌	ES	38.09639	-3.77786
발렌시아	ES	39.47391	-0.37966
베날마데나	ES	36.59610	-4.57267
베니도름	ES	38.53816	-0.13098
부르고스	ES	42.34106	-3.70184
비고	ES	42.23282	-8.72264
빌바오	ES	43.26271	-2.92528
사라고사	ES	41.65606	-0.87734
산로렌소데엘에스코리알	ES	40.59144	-4.14738
산루카르데바라메다	ES	36.77808	-6.35150
산타크루스데테네리페	ES	28.46824	-16.25462
산탄데르	ES	43.46589	-3.80493
산티아고데콤포스텔라	ES	42.88052	-8.54569
세고비아	ES	40.94808	-4.11839
세비야	ES	37.38283	-5.97317
소리아	ES	41.76401	-2.46883
시우다드레알	ES	38.98626	-3.92907
시우다드리네알	ES	40.44505	-3.65132
아길라스	ES	37.40630	-1.58289
아란후에스	ES	40.03108	-3.60246
아레니스데마르	ES	41.58190	2.54936
아로요몰리노스	ES	40.26951	-3.91946
아르코스데라프론테라	ES	36.75075	-5.81056
아빌레스	ES	43.55473	-5.92483
알리칸테	ES	38.34517	-0.48149
알메리아	ES	36.83814	-2.45974
알무녜카르	ES	36.73246	-3.69173
알바세테	ES	38.99424	-1.85643
알칼라데에나레스	ES	40.48205	-3.35996
알코르콘	ES	40.34582	-3.82487
알코벤다스	ES	40.54746	-3.64197
알헤시라스	ES	36.13326	-5.45051
엘에스코리알	ES	40.58254	-4.12846
엘체	ES	38.26218	-0.70107
엘푸에르토데산타마리아	ES	36.59389	-6.23298
오비에도	ES	43.36029	-5.84476
우베다	ES	38.01328	-3.37050
우에스카	ES	42.13615	-0.40870
차마르틴	ES	40.46206	-3.67660
치피오나	ES	36.73663	-6.43703
카디스	ES	36.52672	-6.28910
카르타헤나	ES	37.60197	-0.98397
카세레스	ES	39.47649	-6.37224
코르도바	ES	37.89155	-4.77275
쿠엥카	ES	40.06667	-2.13333
타리파	ES	36.01393	-5.60695
테라사	ES	41.56667	2.01667
테루엘	ES	40.34560	-1.10646
톨레도	ES	39.85810	-4.02263
파사이아	ES	43.32530	-1.92707
팔렌시아	ES	42.00955	-4.52406
팔마데마요르카	ES	39.56939	2.65024
팜플로나	ES	42.81687	-1.64323
포수엘로데알라르콘	ES	40.43293	-3.81338
폰페라다	ES	42.54664	-6.59619
푸에르토레알	ES	36.52819	-6.19011
헤레스데라프론테라	ES	36.68645	-6.13606
헤타페	ES	40.30571	-3.73295
히혼	ES	43.53573	-5.66152
곤다르	ET	12.60000	37.46667
데시	ET	11.13333	39.63333
랄리벨라	ET	12.03219	39.04756
바히르다르	ET	11.59364	37.39077
아디스아바바	ET	9.02497	38.74689
지지가	ET	9.35000	42.80000
짐마	ET	7.67344	36.83441
콤볼차	ET	11.08155	39.74339
하라르	ET	9.31387	42.11815
노키아	FI	61.46667	23.50000
누르미얘르비	FI	60.46407	24.80730
라우마	FI	61.12724	21.51127
라이시오	FI	60.48592	22.16895
라티	FI	60.98267	25.66151
라펜란타	FI	61.05871	28.18871
로바니에미	FI	66.49897	25.68867
로흐야	FI	60.24859	24.06534
리히매키	FI	60.73769	24.77726
바사	FI	63.09600	21.61577
반타	FI	60.29414	25.04099
사본린나	FI	61.86990	28.87999
살로	FI	60.38333	23.13333
세이네요키	FI	62.79446	22.82822
야르벤파	FI	60.47369	25.08992
야콥스타드	FI	63.67486	22.70256
오울루	FI	65.01236	25.46816
요엔수	FI	62.60118	29.76316
이마트라	FI	61.17185	28.75242
이살미	FI	63.55915	27.19067
이위베스퀼레	FI	62.24147	25.72088
카야니	FI	64.22728	27.72846
케라바	FI	60.40338	25.10500
케미	FI	65.73641	24.56371
코우볼라	FI	60.86667	26.70000
코콜라	FI	63.83847	23.13066
콧카	FI	60.46640	26.94582
쿠라우카라	FI	60.38244	24.75100
쿠오피오	FI	62.89238	27.67703
키르코눔미	FI	60.12381	24.43853
탐페레	FI	61.49911	23.78712
토르니오	FI	65.84811	24.14662
투르쿠	FI	60.45148	22.26869
투술라	FI	60.40368	25.02638
포르보	FI	60.39233	25.66507
포리	FI	61.48072	21.78518
하미나	FI	60.56974	27.19794
헤멘린나	FI	60.99596	24.46434
헬싱키	FI	60.16952	24.93545
나디	FJ	-17.80309	177.41617
라우토카	FJ	-17.61686	177.45049
수바	FJ	-18.13683	178.42531
스탠리	FK	-51.69382	-57.85701
팔리키르	FM	6.92477	158.16109
토르스하운	FO	62.00973	-6.77164
가니	FR	48.88333	2.53333
가르단	FR	43.45491	5.46913
가르주레고네스	FR	48.96791	2.39781
가프	FR	44.55858	6.07868
게레	FR	46.17185	1.87166
고네스	FR	48.98693	2.44892
그라디냥	FR	44.77362	-0.61395
그라스	FR	43.65783	6.92537
그랑드생트	FR	51.01540	2.29975
그르노블	FR	45.17869	5.71479
기앙쿠르	FR	48.77334	2.07393
나르본	FR	43.18396	3.00141
낭테르	FR	48.89198	2.20675
뇌이쉬르센	FR	48.88460	2.26965
누아지르세크	FR	48.89148	2.46451
느베르	FR	46.98956	3.15900
니스	FR	43.70313	7.26608
니오르	FR	46.32313	-0.45877
데신샤르피외	FR	45.76873	4.95883
되이라바르	FR	48.97674	2.32722
됭케르크	FR	51.03440	2.37681
두에	FR	50.37069	3.07922
드냉	FR	50.32930	3.39430
드라기냥	FR	43.53692	6.46458
드라베이	FR	48.68466	2.41418
드랑시	FR	48.92578	2.44533
드뢰	FR	48.73649	1.36566
디뉴레뱅	FR	44.09252	6.23199
디에프	FR	49.92160	1.07772
디종	FR	47.31344	5.01391
라가렌콜롱브	FR	48.90472	2.24690
라네스테르	FR	47.76316	-3.33930
라니쉬르마른	FR	48.86667	2.71667
라로셸	FR	46.16308	-1.15222
라로슈쉬르용	FR	46.66974	-1.42757
라발레트뒤바르	FR	43.13763	5.98317
라센쉬르메르	FR	43.10322	5.87816
라셀생클루	FR	48.85029	2.14523
라시오타	FR	43.17476	5.60449
라쿠르뇌브	FR	48.92805	2.39627
라테스트드뷔크	FR	44.63278	-1.14513
랑부예	FR	48.64374	1.82992
랑브르사르	FR	50.65000	3.03333
랭스	FR	49.26526	4.02853
레릴라	FR	48.87992	2.42057
레뮈로	FR	48.99173	1.90972
레윌리스	FR	48.68167	2.16944
레파비용수부아	FR	48.90683	2.50648
레펜미라보	FR	43.41012	5.30838
로니수부아	FR	48.87017	2.49910
로데즈	FR	44.35258	2.57338
로리앙	FR	47.74817	-3.37177
로망쉬르이제르	FR	45.04960	5.06602
로맹빌	FR	48.88540	2.43482
로슈포르	FR	45.94304	-0.96774
로안	FR	46.03624	4.06802
롱르소니에	FR	46.67535	5.55575
롱쥐모	FR	48.69307	2.29431
루르드	FR	43.09461	-0.04611
루베	FR	50.69421	3.17456
루아시앙브리	FR	48.79159	2.64747
루아양	FR	45.62811	-1.03153
루앙	FR	49.44313	1.09932
뤼네빌	FR	48.59273	6.49383
뤼넬	FR	43.67778	4.13611
뤼에유말메종	FR	48.87650	2.18967
르그랑케비	FR	49.40076	1.04582
르망	FR	48.00210	0.20251
르메쉬르센	FR	48.53157	2.62829
르발루아페레	FR	48.89389	2.28864
르베지네	FR	48.89281	2.13308
르부스카	FR	44.86488	-0.59864
르셰네	FR	48.82220	2.12213
르아브르	FR	49.49346	0.10785
르제	FR	47.19058	-1.56885
르크레믈랭비세트르	FR	48.81471	2.36073
르크뢰조	FR	46.80714	4.41632
르페뢰쉬르마른	FR	48.85000	2.50000
르퓌앙벌레	FR	45.04366	3.88523
르프티케비	FR	49.41338	1.06155
르플레시로뱅송	FR	48.78889	2.27078
리모주	FR	45.83362	1.24759
리부른	FR	44.91449	-0.24186
리브리가르강	FR	48.91930	2.54305
리에뱅	FR	50.41980	2.78068
리옹	FR	45.74906	4.84789
리옹	FR	45.89362	3.11264
리조랑지스	FR	48.65110	2.41406
리지외	FR	49.14660	0.22925
릴리외라파프	FR	45.81667	4.90000
마노스크	FR	43.82883	5.78688
마르세유	FR	43.29695	5.38107
마르크앙바뢸	FR	50.66667	3.08333
마르티그	FR	43.40735	5.05526
마리냔	FR	43.41727	5.21462
마콩	FR	46.31407	4.82823
망들리외라나풀	FR	43.54577	6.93734
망트라졸리	FR	48.99048	1.71670
메스	FR	49.11911	6.17269
메이지외	FR	45.76637	5.00277
메종라피트	FR	48.95264	2.14521
메종알포르	FR	48.81171	2.43945
모르상쉬르오르주	FR	48.66181	2.35338
모뵈주	FR	50.27875	3.97267
몽드마르상	FR	43.89022	-0.49713
몽루주	FR	48.81620	2.31393
몽뤼송	FR	46.34015	2.60254
몽벨리아르	FR	47.50957	6.79823
몽생테냥	FR	49.46307	1.09364
몽주롱	FR	48.70543	2.45039
몽텔리마르	FR	44.55468	4.75469
몽토방	FR	44.01759	1.35420
몽티니레메스	FR	49.09560	6.15271
몽티니르브르토뇌	FR	48.76636	2.03405
몽페르메유	FR	48.89820	2.57913
몽펠리에	FR	43.61093	3.87635
뫼동	FR	48.81381	2.23500
뮐루즈	FR	47.75205	7.32866
믈룅	FR	48.54570	2.65356
미라마	FR	43.58508	5.00268
미요	FR	44.09973	3.07848
바뇰레	FR	48.86667	2.41667
바르르뒤크	FR	48.77275	5.16108
바스티아	FR	42.70219	9.45123
바욘	FR	43.49316	-1.47300
발랑시엔	FR	50.35909	3.52506
발로리	FR	43.57803	7.05451
방되브르르낭시	FR	48.66115	6.17114
뱅센	FR	48.84860	2.43769
베글	FR	44.80759	-0.55144
베니시외	FR	45.69706	4.88593
베르됭	FR	49.15964	5.38290
베르사유	FR	48.80359	2.13424
베르투	FR	47.16878	-1.47290
베지에	FR	43.34122	3.21402
베튄	FR	50.52965	2.64003
벨리지빌라쿠블레	FR	48.78198	2.19395
벨포르	FR	47.64218	6.85385
보르도	FR	44.84124	-0.58046
보베	FR	49.43333	2.08333
보비니	FR	48.90982	2.45012
보앙벨랭	FR	45.78693	4.92510
봉디	FR	48.90180	2.48931
부르주	FR	47.08333	2.40000
부르캉브레스	FR	46.20574	5.22580
부아롱	FR	45.36471	5.58560
부아콜롱브	FR	48.91936	2.27485
불로뉴비양쿠르	FR	48.83545	2.24128
불로뉴쉬르메르	FR	50.72485	1.61373
브레티니쉬르오르주	FR	48.61135	2.30593
브롱	FR	45.73865	4.91303
브뤼누아	FR	48.69420	2.49223
브뤼에라비시에르	FR	50.48333	2.55000
브리브라가야르드	FR	45.15890	1.53326
브장송	FR	47.24878	6.01815
브종	FR	48.92426	2.21280
브줄	FR	47.62604	6.14251
블라냐크	FR	43.63675	1.38971
블루아	FR	47.59432	1.32912
비뇌쉬르센	FR	48.70291	2.41357
비리샤티용	FR	48.67211	2.39318
비시	FR	46.12709	3.42577
비아리츠	FR	43.48055	-1.55684
비에르종	FR	47.22186	2.06840
비트리쉬르센	FR	48.78716	2.40332
빌뇌브라가렌	FR	48.93935	2.31478
빌뇌브생조르주	FR	48.73219	2.44925
빌뇌브쉬르로트	FR	44.40854	0.70415
빌뢰르반	FR	45.76601	4.87950
빌리에르벨	FR	49.00875	2.39819
빌리에쉬르마른	FR	48.83100	2.54844
빌몽블	FR	48.88333	2.50000
빌쥐프	FR	48.79390	2.35992
빌프랑슈쉬르손	FR	45.98967	4.71961
사누아	FR	48.96667	2.25000
사르그민	FR	49.10995	7.06747
사르셀	FR	48.99739	2.37821
사르트루빌	FR	48.94820	2.19169
사비니르탕플	FR	48.57409	2.58287
사비니쉬르오르주	FR	48.67677	2.34835
살롱드프로방스	FR	43.64229	5.09478
생나제르	FR	47.27506	-2.21790
생드니	FR	48.93564	2.35387
생디에데보주	FR	48.28429	6.94921
생디지에	FR	48.63773	4.94892
생로	FR	49.11624	-1.09031
생로랑뒤바르	FR	43.67323	7.19000
생말로	FR	48.64738	-2.00877
생망데	FR	48.83864	2.41579
생메다르앙잘	FR	44.89550	-0.71779
생모르데포세	FR	48.79395	2.49323
생미셸쉬르오르주	FR	48.63479	2.30831
생브리외	FR	48.51513	-2.76838
생세바스티앙쉬르루아르	FR	47.20768	-1.50332
생제르맹앙레	FR	48.89643	2.09040
생테르블랭	FR	47.21154	-1.65100
생테티엔	FR	45.43389	4.39000
생테티엔뒤루브레	FR	49.37794	1.10467
생트푸아레리옹	FR	45.73375	4.80259
샤랑통르퐁	FR	48.82209	2.41217
샤르트르	FR	48.44685	1.48925
샤를르빌메지에르	FR	49.76850	4.72487
샤텔로	FR	46.81705	0.54518
샤토덩	FR	48.07086	1.33783
샤토루	FR	46.81248	1.69362
샤토티에리	FR	49.04636	3.40304
샤투	FR	48.88980	2.15863
샤트네말라브리	FR	48.76507	2.26655
샬롱쉬르손	FR	46.78112	4.85372
샬롱앙샹파뉴	FR	48.95393	4.36724
샹베리	FR	45.56628	5.92079
샹쉬르마른	FR	48.85000	2.60000
샹피니쉬르마른	FR	48.81642	2.49366
세르지	FR	49.03645	2.07613
세브랑	FR	48.94472	2.52746
세브르	FR	48.82292	2.21757
세트	FR	43.40280	3.69278
셰르부르옥트빌	FR	49.63984	-1.61636
소뮈르	FR	47.25931	-0.07808
소트빌르루앙	FR	49.40972	1.09005
숄레	FR	47.05893	-0.87974
수아송	FR	49.38167	3.32361
쉬렌	FR	48.87143	2.22929
쉬시앙브리	FR	48.76872	2.53474
슈아시르루아	FR	48.76846	2.41874
스농	FR	44.85614	-0.53355
스탱	FR	48.95000	2.38333
스트라스부르	FR	48.58392	7.74553
시푸르레플라주	FR	43.09174	5.82465
실티가임	FR	48.60749	7.74931
아그노	FR	48.81557	7.79051
아그드	FR	43.31083	3.47583
아니에르쉬르센	FR	48.91667	2.28333
아라스	FR	50.29301	2.78186
아르망티에르	FR	50.68568	2.88214
아르케이	FR	48.79993	2.33256
아를	FR	43.67681	4.63031
아미앵	FR	49.90000	2.30000
아브빌	FR	50.10521	1.83547
아비뇽	FR	43.94834	4.80892
아작시오	FR	41.91886	8.73812
아쟁	FR	44.20199	0.62055
아즈브루크	FR	50.72374	2.53729
아티스몽스	FR	48.70522	2.39147
안마스	FR	46.19439	6.23775
안시	FR	45.90878	6.12565
알랑송	FR	48.43476	0.09311
알레스	FR	44.12489	4.08082
알베르빌	FR	45.67452	6.39061
알비	FR	43.92980	2.14800
알포르빌	FR	48.80575	2.42040
앙굴렘	FR	45.64997	0.15345
앙글레트	FR	43.48921	-1.51921
앙제	FR	47.47156	-0.55202
앙티브	FR	43.58127	7.12487
에냉보몽	FR	50.41359	2.96485
에루빌생클레르	FR	49.21088	-0.30653
에르몽	FR	48.99004	2.25804
에르블레	FR	48.98994	2.16990
에브뢰	FR	49.02414	1.15082
에시롤	FR	45.14603	5.71441
에피날	FR	48.18324	6.45304
엑상프로방스	FR	43.52830	5.44973
엑스레뱅	FR	45.69173	5.90863
엘랑쿠르	FR	48.78421	1.95520
예르	FR	43.12038	6.12857
오랑주	FR	44.13806	4.81025
오르보	FR	47.27117	-1.62361
오를레앙	FR	47.90248	1.90407
오를리	FR	48.74792	2.39253
오리야크	FR	44.92539	2.43983
오바뉴	FR	43.29276	5.57067
오베르빌리에	FR	48.91667	2.38333
오본	FR	48.99712	2.28249
오세르	FR	47.79960	3.57033
오슈	FR	43.64561	0.58856
오요나	FR	46.25917	5.65727
오주아르라페리에르	FR	48.76699	2.66871
올네수부아	FR	48.93814	2.49402
와트렐로	FR	50.70118	3.21812
우일	FR	48.92161	2.19263
울랭	FR	45.71404	4.80755
이브리쉬르센	FR	48.81568	2.38487
이스트르	FR	43.51345	4.98747
이시레몰리노	FR	48.82104	2.27718
일키르슈그라펜스타덴	FR	48.52894	7.71523
젠빌리에	FR	48.93333	2.30000
지프쉬르이베트	FR	48.68333	2.13333
카뉴쉬르메르	FR	43.66352	7.14790
카르카손	FR	43.21649	2.34863
카르팡트라	FR	44.05507	5.04813
카바용	FR	43.83125	5.03586
카샹	FR	48.79632	2.33661
카스트르	FR	43.60527	2.24088
카오르	FR	44.44910	1.43663
칼레	FR	50.95194	1.85635
칼리르에키르	FR	45.79462	4.84640
캉브레	FR	50.17596	3.23472
캥페르	FR	47.99597	-4.09795
코르메유장파리지	FR	48.97111	2.20491
코르베유에손	FR	48.60603	2.48757
콜로미에	FR	43.61058	1.33467
콜롱브	FR	48.91882	2.25404
콜마르	FR	48.08078	7.35584
콩라빌	FR	48.66497	2.56957
콩플랑생토노린	FR	49.00158	2.09694
콩피에뉴	FR	49.41794	2.82606
쿠드케르크브랑슈	FR	51.02288	2.39359
쿠르브부아	FR	48.89672	2.25666
크레유	FR	49.25672	2.48477
크레테유	FR	48.79266	2.46569
클라마르	FR	48.80299	2.26692
클레르몽페랑	FR	45.77969	3.08682
클리시수부아	FR	48.91020	2.55323
타르브	FR	43.23407	0.07139
타베르니	FR	49.02542	2.21691
탈랑스	FR	44.80849	-0.58915
토농레뱅	FR	46.37049	6.47985
투르	FR	47.39484	0.70398
투르쿠앵	FR	50.72391	3.16117
투른푀유	FR	43.58872	1.31922
툴롱	FR	43.12442	5.92836
툴루즈	FR	43.60426	1.44367
트라프	FR	48.77413	2.01781
트랑블레앙프랑스	FR	48.94956	2.56840
트루아	FR	48.30073	4.08524
티에	FR	48.76496	2.39610
티옹빌	FR	49.35994	6.16044
파리	FR	48.85341	2.34880
팔레조	FR	48.71828	2.24980
팡탱	FR	48.89437	2.40935
페르피냥	FR	42.69764	2.89541
페리괴	FR	45.18691	0.71439
페사크	FR	44.80565	-0.63240
페캉	FR	49.75787	0.37457
포쉬르메르	FR	43.43774	4.94457
퐁텐블로	FR	48.40908	2.70177
퐁토콩보	FR	48.79813	2.60676
퐁투아즈	FR	49.05000	2.10000
퐁트네수부아	FR	48.85442	2.48268
퐁트네오로즈	FR	48.79325	2.29275
푸아시	FR	48.92902	2.04952
푸아티에	FR	46.58261	0.34348
푸제르	FR	48.35157	-1.19961
퓌토	FR	48.88341	2.23894
프레쥐스	FR	43.43325	6.73555
플뢰리레오브레	FR	47.93328	1.91811
피에르피트쉬르센	FR	48.96691	2.36104
랑바레네	GA	-0.70010	10.24055
리브르빌	GA	0.39241	9.45356
모안다	GA	-1.56652	13.19870
포르장티	GA	-0.71933	8.78151
프랑스빌	GA	-1.63333	13.58357
게이츠헤드	GB	54.96209	-1.60168
고덜밍	GB	51.18580	-0.61489
그레이브젠드	GB	51.44206	0.37106
그레이스	GB	51.47566	0.32521
그레이트야머스	GB	52.60831	1.73052
그리녹	GB	55.94838	-4.76121
그리니치	GB	51.47785	-0.01176
그림즈비	GB	53.56539	-0.07553
글래스고	GB	55.86515	-4.25763
글렌로시스	GB	56.19514	-3.17316
글로스터	GB	51.86568	-2.24310
길퍼드	GB	51.23536	-0.57427
노리치	GB	52.62783	1.29834
노샐러턴	GB	54.33901	-1.43243
노샘프턴	GB	52.25000	-0.88333
노팅힐	GB	51.51150	-0.20587
뉴리	GB	54.17841	-6.33739
뉴몰든	GB	51.40065	-0.26170
뉴캐슬어폰타인	GB	54.97328	-1.61396
뉴포트	GB	50.70146	-1.29124
뉴포트	GB	51.58774	-2.99835
다트퍼드	GB	51.44657	0.21423
달링턴	GB	54.52429	-1.55039
대거넘	GB	51.55000	0.16667
더럼	GB	54.77676	-1.57566
더비	GB	52.92277	-1.47663
던디	GB	56.46913	-2.97489
덤프리스	GB	55.06959	-3.61139
데리	GB	54.99810	-7.30934
도버	GB	51.12598	1.31257
도체스터	GB	50.71667	-2.43333
도킹	GB	51.23228	-0.33380
동커스터	GB	53.52285	-1.13116
램스게이트	GB	51.33568	1.41797
랭커스터	GB	54.04649	-2.79988
러프버러	GB	52.76667	-1.20000
럭비	GB	52.37092	-1.26417
런던	GB	51.50853	-0.12574
레드루스	GB	50.23315	-5.22434
레드카	GB	54.61657	-1.05999
레디치	GB	52.30650	-1.94569
레스터	GB	52.63860	-1.13169
레이턴스톤	GB	51.56856	0.00768
렉섬	GB	53.04664	-2.99132
렌프루	GB	55.87197	-4.39253
로더럼	GB	53.43012	-1.35678
로스토프트	GB	52.47523	1.75167
로체스터	GB	51.38764	0.50546
로치데일	GB	53.61766	-2.15520
롬퍼드	GB	51.57515	0.18582
루이스	GB	50.87398	0.00880
루턴	GB	51.87967	-0.41748
리버풀	GB	53.41058	-2.97794
리즈	GB	53.79648	-1.54785
리즈번	GB	54.52337	-6.03527
리치필드	GB	52.68154	-1.82549
리틀햄프턴	GB	50.81137	-0.54078
리펀	GB	54.13579	-1.52826
링컨	GB	53.22683	-0.53792
맨스필드	GB	53.13333	-1.20000
맨체스터	GB	53.48095	-2.23743
머더웰	GB	55.78924	-3.99187
메이드스톤	GB	51.26667	0.51667
메이클즈필드	GB	53.26023	-2.12564
미들즈브러	GB	54.57623	-1.23483
밀턴케인스	GB	52.04172	-0.75583
바스	GB	51.37510	-2.36172
반스터플	GB	51.08022	-4.05808
반즐리	GB	53.55000	-1.48333
배스게이트	GB	55.90204	-3.64398
배질던	GB	51.56844	0.45782
배터시	GB	51.47475	-0.15547
밸리미나	GB	54.86357	-6.27628
밸파스트	GB	54.59682	-5.92541
뱅고어	GB	53.22752	-4.12936
버밍엄	GB	52.48142	-1.89983
버컨헤드	GB	53.39337	-3.01479
버턴어폰트렌트	GB	52.80728	-1.64263
벅스턴	GB	53.25741	-1.90982
번리	GB	53.80000	-2.23333
베드퍼드	GB	52.13459	-0.46632
베리	GB	53.60000	-2.30000
베리세인트에드먼즈	GB	52.24630	0.71111
베벌리	GB	53.84587	-0.42332
베스널그린	GB	51.52718	-0.06109
베이싱스토크	GB	51.26249	-1.08708
보스턴	GB	52.97633	-0.02664
본머스	GB	50.72048	-1.87950
볼턴	GB	53.58333	-2.43333
브라이턴	GB	50.82838	-0.13947
브래드퍼드	GB	53.79391	-1.75206
브렌트우드	GB	51.62127	0.30556
브롬스그로브	GB	52.33574	-2.05983
브리스틀	GB	51.45523	-2.59665
브리젠드	GB	51.50583	-3.57722
브리지워터	GB	51.12837	-3.00356
브릭스턴	GB	51.46593	-0.10652
블랙번	GB	53.75000	-2.48333
블랙풀	GB	53.81667	-3.05000
블랙히스	GB	51.46470	0.00790
사우샘프턴	GB	50.90395	-1.40428
사우스실즈	GB	54.99859	-1.43230
사우스포트	GB	53.64581	-3.01008
서턴콜드필드	GB	52.56667	-1.81667
선덜랜드	GB	54.90465	-1.38222
세븐오크스	GB	51.27266	0.18883
세인트올번스	GB	51.75000	-0.33333
세일	GB	53.42519	-2.32443
셰필드	GB	53.38297	-1.46590
소호	GB	51.51440	-0.13535
솔리헐	GB	52.41426	-1.78094
솔즈베리	GB	51.06931	-1.79569
솔퍼드	GB	53.48771	-2.29042
스완지	GB	51.62079	-3.94323
스윈던	GB	51.55797	-1.78116
스카버러	GB	54.27966	-0.40443
스컨소프	GB	53.57905	-0.65437
스태퍼드	GB	52.80521	-2.11636
스탬퍼드	GB	52.65000	-0.48333
스털링	GB	56.11903	-3.93682
스테버니지	GB	51.90224	-0.20256
스테프니	GB	51.51750	-0.04292
스토크온트렌트	GB	53.00415	-2.18538
스톡포트	GB	53.40979	-2.15761
스트라우드	GB	51.75000	-2.20000
스트랫퍼드	GB	51.53333	0.00000
스트랫퍼드어폰에이번	GB	52.19166	-1.70734
시런세스터	GB	51.71927	-1.97145
암마포드	GB	51.79279	-3.98833
애버데어	GB	51.71438	-3.44918
애버딘	GB	57.14369	-2.09814
애빙던온템스	GB	51.67109	-1.28278
애슈퍼드	GB	51.14648	0.87376
애크링턴	GB	53.75379	-2.35863
앤도버	GB	51.21135	-1.49393
에든버러	GB	55.95206	-3.19648
에버리스트위스	GB	52.41548	-4.08292
에어드리	GB	55.86602	-3.98025
에일즈베리	GB	51.81665	-0.81458
엑서터	GB	50.72360	-3.52751
엑스머스	GB	50.61723	-3.40233
엘긴	GB	57.64947	-3.31843
엡솜	GB	51.33050	-0.27011
오마	GB	54.60000	-7.30000
오킹엄	GB	51.41120	-0.83565
옥스퍼드	GB	51.75222	-1.25596
올더숏	GB	51.24827	-0.76389
올덤	GB	53.54051	-2.11830
왓퍼드	GB	51.65531	-0.39602
요빌	GB	50.94159	-2.63211
요크	GB	53.95763	-1.08271
우스터	GB	52.18935	-2.22001
울버햄프턴	GB	52.58547	-2.12296
워릭	GB	52.28333	-1.58333
워링턴	GB	53.39254	-2.58024
월러시	GB	53.42324	-3.06497
월솔	GB	52.58528	-1.98396
웨스턴슈퍼메어	GB	51.34603	-2.97665
웨스트브로미치	GB	52.51868	-1.99450
웨스트햄	GB	51.53333	0.01667
웨이머스	GB	50.61448	-2.45991
웨이크필드	GB	53.68331	-1.49768
웰린가든시티	GB	51.80174	-0.20691
웸블리	GB	51.55242	-0.29686
위건	GB	53.54296	-2.63706
윈저	GB	51.48333	-0.60000
윈체스터	GB	51.06513	-1.31870
윔블던	GB	51.42212	-0.20805
이램	GB	53.44253	-2.42323
이스트킬브라이드	GB	55.76412	-4.17669
이즐링턴	GB	51.53622	-0.10304
인버네스	GB	57.47908	-4.22398
일리	GB	52.39964	0.26196
일퍼드	GB	51.55765	0.07278
입스위치	GB	52.05917	1.15545
채텀	GB	51.37891	0.52786
체스터	GB	53.19050	-2.89189
체스터필드	GB	53.25000	-1.41667
첼름스퍼드	GB	51.73575	0.46958
첼시	GB	51.48755	-0.16936
첼트넘	GB	51.90006	-2.07972
치즈윅	GB	51.49271	-0.25801
치체스터	GB	50.83673	-0.78003
카디프	GB	51.48000	-3.18000
카마던	GB	51.85552	-4.30535
칼라일	GB	54.89510	-2.93820
캐넉	GB	52.69045	-2.03085
캔터베리	GB	51.27904	1.07992
캠던타운	GB	51.54057	-0.14334
커콜디	GB	56.11683	-3.15999
케임브리지	GB	52.20000	0.11667
케터링	GB	52.39836	-0.72571
켄들	GB	54.32681	-2.74757
코번트리	GB	52.40656	-1.51217
코비	GB	52.49637	-0.68939
콜체스터	GB	51.88921	0.90421
쿰브란	GB	51.65446	-3.02281
크라이스트처치	GB	50.73583	-1.78129
크루	GB	53.09787	-2.44161
클라이드뱅크	GB	55.90137	-4.40570
킬마녹	GB	55.61171	-4.49581
토니팬디	GB	51.62202	-3.45544
토키	GB	50.46198	-3.52522
토트넘	GB	51.60373	-0.06794
톤턴	GB	51.01494	-3.10293
트로브리지	GB	51.31889	-2.20861
트루로	GB	50.26526	-5.05436
팰머스	GB	50.15441	-5.07113
퍼스	GB	56.39522	-3.43139
페이즐리	GB	55.83173	-4.43254
포스카울	GB	51.47903	-3.70362
포츠머스	GB	50.79899	-1.09125
포터다운	GB	54.42302	-6.44434
포티스헤드	GB	51.48199	-2.76973
폰트프랙트	GB	53.69107	-1.31269
폰티풀	GB	51.70111	-3.04444
폰티프리드	GB	51.60210	-3.34211
폴커크	GB	56.00210	-3.78535
풀럼	GB	51.48026	-0.19930
프레스타틴	GB	53.33748	-3.40776
프레스턴	GB	53.76282	-2.70452
플리머스	GB	50.37153	-4.14305
피터리	GB	54.76032	-1.33649
피터버러	GB	52.57364	-0.24777
핌리코	GB	51.48897	-0.13699
하이위컴	GB	51.62907	-0.74934
하트퍼드	GB	51.79588	-0.07854
하트필드	GB	51.76338	-0.22419
할로	GB	51.77655	0.11158
핼리팩스	GB	53.71667	-1.85000
허더즈필드	GB	53.64904	-1.78416
헌팅던	GB	52.33049	-0.18651
헤리퍼드	GB	52.05684	-2.71482
헤멀헴프스터드	GB	51.75368	-0.44975
헤이스팅스	GB	50.85568	0.58009
흘라네흘리	GB	51.68195	-4.16191
히친	GB	51.94924	-0.28496
힝클리	GB	52.53890	-1.37613
세인트조지스	GD	12.05288	-61.75226
고리	GE	41.98532	44.11290
바투미	GE	41.64077	41.63060
수후미	GE	43.00697	40.98930
아할치헤	GE	41.63952	42.98604
코불레티	GE	41.83283	41.77823
쿠타이시	GE	42.26791	42.69459
트빌리시	GE	41.69143	44.83412
카옌	GF	4.93810	-52.33455
세인트피터포트	GG	49.45981	-2.53527
볼가탕가	GH	10.78556	-0.85139
살라가	GH	8.55083	-0.51875
세콘디타코라디	GH	4.92678	-1.75773
수니아니	GH	7.33991	-2.32676
아고나스웨드루	GH	5.53711	-0.69984
아시아만	GH	5.69951	-0.03484
아크라	GH	5.55602	-0.19690
엘미나	GH	5.08470	-1.35093
케이프코스트	GH	5.10535	-1.24660
케타	GH	5.91793	0.98789
코포리두아	GH	6.09408	-0.25913
쿠마시	GH	6.68848	-1.62443
테마	GH	5.66980	-0.01657
지브롤터	GI	36.14474	-5.35257
누크	GL	64.18347	-51.72157
바카우	GM	13.47806	-16.68194
반줄	GM	13.45274	-16.57803
브리카마	GM	13.27136	-16.64944
소마	GM	13.43333	-15.53333
탄지	GM	13.34972	-16.78910
파라페니	GM	13.56667	-15.60000
은제레코레	GN	7.75624	-8.81790
캉칸	GN	10.38542	-9.30568
코나크리	GN	9.53795	-13.67729
바스테르	GP	15.99714	-61.73214
말라보	GQ	3.75578	8.78166
바타	GQ	1.86391	9.76582
에베비인	GQ	2.15218	11.33013
네아마크리	GR	38.08733	23.97642
레팀노	GR	35.36555	24.48232
리바디아	GR	38.43616	22.87665
메가라	GR	37.99471	23.34324
미틸레네	GR	39.10772	26.55529
세레스	GR	41.08499	23.54757
아테네	GR	37.98376	23.72784
카마테로	GR	38.05586	23.70515
케르키라	GR	39.62441	19.92016
코모티니	GR	41.11758	25.40587
피레아스	GR	37.94203	23.64619
히오스	GR	38.36875	26.13718
그리트비켄	GS	-54.28111	-36.50920
과테말라시티	GT	14.64072	-90.51327
산마르코스	GT	14.96437	-91.79486
우에우에테낭고	GT	15.32097	-91.47001
케트살테낭고	GT	14.84462	-91.52316
코반	GT	15.47025	-90.37455
플로레스	GT	16.92258	-89.89941
타무닝	GU	13.48754	144.78143
하갓냐	GU	13.47567	144.74886
비사우	GW	11.86357	-15.59767
뉴암스테르담	GY	6.24924	-57.51578
조지타운	GY	6.80448	-58.15527
관탕	HK	22.31184	114.22176
다푸	HK	22.45007	114.16877
애버딘	HK	22.24802	114.15289
주룽	HK	22.31667	114.18333
짐사저이	HK	22.30000	114.16667
첵취	HK	22.21849	114.21241
홍콩	HK	22.27832	114.17469
산페드로술라	HN	15.50585	-88.02588
테구시갈파	HN	14.08180	-87.20681
바라주딘	HR	46.30444	16.33778
벨로바르	HR	45.89789	16.85071
부코바르	HR	45.35161	19.00225
빈코브치	HR	45.28833	18.80472
솔린	HR	43.54320	16.49314
스플리트	HR	43.50891	16.43915
슬라본스키브로드	HR	45.16158	18.01630
시베니크	HR	43.73429	15.89420
시사크	HR	45.46608	16.37748
자그레브	HR	45.81444	15.97798
자다르	HR	44.11578	15.22514
자코보	HR	45.30833	18.41056
자프레시치	HR	45.85639	15.80778
차코베츠	HR	46.38444	16.43389
카를로바츠	HR	45.49167	15.55000
코프리브니차	HR	46.16364	16.82970
포제가	HR	45.34028	17.68528
풀라	HR	44.86833	13.84806
르카예	HT	18.19199	-73.74948
앵슈	HT	19.14090	-72.01194
자크멜	HT	18.23569	-72.53686
제레미	HT	18.65000	-74.11667
카프아이시앵	HT	19.75938	-72.19815
포르드페	HT	19.93984	-72.83037
포르토프랭스	HT	18.54349	-72.33881
괴될뢰	HU	47.59657	19.35515
너지커니저	HU	46.45347	16.99104
니레지하저	HU	47.95539	21.71671
데브레첸	HU	47.53167	21.62444
두너우이바로시	HU	46.96479	18.93974
머코	HU	46.21667	20.48333
모숀머저로바르	HU	47.86789	17.26994
모하치	HU	45.99020	18.68621
미슈콜츠	HU	48.10327	20.77806
버여	HU	46.18299	18.95307
베스프렘	HU	47.09327	17.91149
베케슈처버	HU	46.68333	21.10000
부다페스트	HU	47.49835	19.04045
부더	HU	47.50000	19.03333
세케슈페헤르바르	HU	47.18995	18.41034
섹사르드	HU	46.34723	18.71189
셜고터랸	HU	48.09872	19.80303
솔노크	HU	47.18066	20.19835
솜버트헤이	HU	47.23088	16.62155
쇼프론	HU	47.68501	16.59049
시오포크	HU	46.90413	18.05800
어이커	HU	47.10196	17.55892
에게르	HU	47.90265	20.37329
에르드	HU	47.39489	18.91361
에스테르곰	HU	47.79280	18.74148
절러에게르세그	HU	46.83695	16.84401
죄르	HU	47.68333	17.63512
죈죄시	HU	47.78257	19.92800
줄러	HU	46.65000	21.28333
체글레드	HU	47.17266	19.79952
커포슈바르	HU	46.36667	17.80000
컬로처	HU	46.52981	18.97283
케치케메트	HU	46.90618	19.69128
코마롬	HU	47.74318	18.11913
터터	HU	47.65289	18.31838
터터바녀	HU	47.59247	18.38099
파퍼	HU	47.33004	17.46740
페슈트	HU	47.50000	19.08333
페치	HU	46.07617	18.22814
호드메죄바샤르헤이	HU	46.41667	20.33333
덴파사르	ID	-8.65000	115.21667
마나도	ID	1.48218	124.84892
마노콰리	ID	-0.86291	134.06402
마카사르	ID	-5.14861	119.43194
마타람	ID	-8.58333	116.11667
말랑	ID	-7.97970	112.63040
메단	ID	3.58333	98.66667
반다르람풍	ID	-5.42917	105.26111
반다아체	ID	5.54167	95.33333
반둥	ID	-6.92222	107.60694
발릭파판	ID	-1.26753	116.82887
보고르	ID	-6.59444	106.78917
브카시	ID	-6.23490	106.98960
븡쿨루	ID	-3.80044	102.26554
비퉁	ID	1.44059	125.12824
사마린다	ID	-0.49167	117.14583
사방	ID	5.88969	95.31644
수라바야	ID	-7.24917	112.75083
수라카르타	ID	-7.55611	110.83167
스마랑	ID	-6.99306	110.42083
암본	ID	-3.69583	128.18333
욕야카르타	ID	-7.80139	110.36472
자야푸라	ID	-2.53371	140.71813
자카르타	ID	-6.21462	106.84513
치르본	ID	-6.70630	108.55700
쿠팡	ID	-10.17083	123.60694
큰다리	ID	-3.97780	122.51507
탄중피낭	ID	0.91667	104.45833
탕에랑	ID	-6.17806	106.63000
파당	ID	-0.94924	100.35427
팔렘방	ID	-2.91673	104.74580
페칸바루	ID	0.51667	101.44167
폰티아낙	ID	-0.03194	109.32500
그레이스톤스	IE	53.14083	-6.06306
내번	IE	53.65278	-6.68139
네이스	IE	53.21583	-6.66694
더블린	IE	53.33306	-6.24889
던도크	IE	54.00000	-6.41667
던레러	IE	53.29395	-6.13586
드로이다	IE	53.71889	-6.34778
라스판햄	IE	53.30056	-6.28278
브레이	IE	53.20278	-6.09833
스워즈	IE	53.45972	-6.21806
슬라이고	IE	54.26969	-8.46943
애슬론	IE	53.42278	-7.93722
에니스	IE	52.84361	-8.98639
워터퍼드	IE	52.25833	-7.11194
코크	IE	51.89797	-8.47061
킬케니	IE	52.65417	-7.25222
탈라	IE	53.28590	-6.37344
털러모어	IE	53.27389	-7.48889
트럴리	IE	52.27042	-9.70264
게데라	IL	31.81456	34.77998
나사렛	IL	32.70087	35.29719
네타냐	IL	32.33294	34.85917
디모나	IL	31.07079	35.03269
라마트간	IL	32.08227	34.81065
라마트하샤론	IL	32.14590	34.83859
라믈라	IL	31.92624	34.86350
로드	IL	31.94670	34.89030
바트얌	IL	32.02379	34.75185
베르셰바	IL	31.25181	34.79130
베트셰안	IL	32.49658	35.49650
브네이브라크	IL	32.08074	34.83380
사크닌	IL	32.86506	35.29771
아슈도드	IL	31.79213	34.64966
아코	IL	32.92814	35.07647
아풀라	IL	32.60907	35.28920
야브네	IL	31.87808	34.73983
에일라트	IL	29.55805	34.94821
예루살렘	IL	31.76904	35.21633
오르예후다	IL	32.02923	34.85788
제파트	IL	32.96465	35.49600
키르야트시모나	IL	33.21204	35.57044
텔아비브	IL	32.08088	34.78057
티베리아스	IL	32.79396	35.53152
페타티크바	IL	32.08880	34.88666
하이파	IL	32.81303	34.99928
더글러스	IM	54.15000	-4.48333
가디글라지	IN	16.22291	74.35010
가지아바드	IN	28.66535	77.43915
강토크	IN	27.32574	88.61216
고다	IN	24.82700	87.21250
고드라	IN	22.77547	73.61488
고라크푸르	IN	26.76628	83.36889
고시	IN	26.10587	83.53930
고하드	IN	26.43278	78.44205
구나	IN	24.64691	77.31130
구르가온	IN	28.46010	77.02635
구르다푸르	IN	32.03933	75.40318
구비	IN	13.31216	76.94102
구와하티	IN	26.18440	91.74580
군투르	IN	16.29974	80.45729
굴바르가	IN	17.33583	76.83757
나가르	IN	27.42397	77.09922
나그푸르	IN	21.14631	79.08491
나라인가르	IN	30.47798	77.12804
나르가드	IN	15.72299	75.38666
나르나울	IN	28.04444	76.10833
나비뭄바이	IN	19.03681	73.01582
나시크	IN	19.99727	73.79096
나왈가르	IN	27.85161	75.27384
나인와	IN	25.77145	75.84978
난데드	IN	19.16023	77.31497
난두르바르	IN	21.36671	74.24051
노하르	IN	29.18292	74.77064
농스토인	IN	25.51704	91.26484
뉴델리	IN	28.62137	77.21480
닐라기리	IN	21.46235	86.76794
닐랑가	IN	18.11675	76.75279
다람살라	IN	32.22006	76.32013
다랍항가	IN	26.15216	85.89707
다르질링	IN	27.03333	88.26667
다만	IN	20.41431	72.83236
달통간즈	IN	24.03971	84.06580
더그르	IN	21.19147	81.27619
데글로어	IN	18.54829	77.57695
데라둔	IN	30.32443	78.03392
데바코타이	IN	9.94704	78.82330
델리	IN	28.65195	77.23149
동가르가르	IN	21.18893	80.75459
두르가푸르	IN	23.51583	87.30801
둠카	IN	24.26778	87.24855
디오반드	IN	29.69505	77.67964
디우	IN	20.71405	70.98224
딘디굴	IN	10.36896	77.98036
라에바렐리	IN	26.23090	81.23315
라이가르	IN	21.89764	83.39660
라이랑푸르	IN	22.26675	86.17385
라이푸르	IN	21.23333	81.63333
란치	IN	23.34316	85.30940
랄릿푸르	IN	24.69007	78.41915
러크나우	IN	26.83928	80.92313
로나르	IN	19.98533	76.52046
룩키	IN	29.86632	77.89118
마두라이	IN	9.91900	78.11953
마드기리	IN	13.66035	77.21239
마와나	IN	29.10288	77.92199
마우다하	IN	25.68312	80.11419
마이소르	IN	12.29791	76.63925
마인푸리	IN	27.22857	79.02882
마투라	IN	27.50350	77.67215
마화	IN	27.04594	76.93152
만디아	IN	12.52230	76.89746
만찬푸르	IN	25.53046	81.37566
말라푸람	IN	11.04199	76.08154
망갈로르	IN	12.91723	74.85603
먼드고드	IN	14.97144	75.03658
메다크	IN	18.04531	78.26078
메루트	IN	28.98002	77.70636
메카르	IN	20.15050	76.56841
모레나	IN	26.49892	77.99534
무돌	IN	16.33354	75.28305
무자파르푸르	IN	26.12259	85.39055
물타이	IN	21.77463	78.25756
뭄바이	IN	19.07283	72.88261
밀락	IN	28.61031	79.16997
바가콧	IN	16.18673	75.69614
바도다라	IN	22.29941	73.20812
바드락	IN	21.05447	86.51560
바디파티	IN	10.08481	77.96113
바라나시	IN	25.31668	83.01041
바라일리	IN	23.00445	78.23010
바레일리	IN	28.36678	79.43167
바르가르	IN	21.33348	83.61905
바르시	IN	18.23454	75.69275
바르타나	IN	26.75231	79.22180
바르페타	IN	26.32293	91.00632
바브나가르	IN	21.76287	72.15331
바사바칼리안	IN	17.87445	76.94972
바이젠데이	IN	21.64491	77.63023
바이하르	IN	22.10133	80.54967
바인가	IN	27.70283	81.93430
바하두르가르	IN	28.69287	76.93555
바하라투푸르	IN	27.21731	77.49009
뱅걸로	IN	12.97194	77.59369
베구사라이	IN	25.41853	86.13389
베라시아	IN	23.63134	77.43351
베티아	IN	26.80229	84.50311
벨가움	IN	15.85212	74.50447
벨로르	IN	12.91840	79.13255
벨산드	IN	26.44365	85.40076
보카르	IN	19.21933	77.66962
보팔	IN	23.25469	77.40289
부다가야	IN	24.69808	84.98690
부지	IN	23.25397	69.66928
불란드샤르	IN	28.40392	77.85773
비디샤	IN	23.52604	77.81092
비사푸르	IN	28.29253	79.80472
비샤카파트남	IN	17.68009	83.20161
비완디	IN	19.30023	73.05881
비자야와다	IN	16.50745	80.64660
비자푸르	IN	16.82442	75.71537
비지아나가람	IN	18.11692	83.41148
비콜림	IN	15.59319	73.94571
빌라이	IN	21.20919	81.42850
사르다나	IN	29.14551	77.61433
사바가르	IN	26.24918	77.40786
사오너	IN	21.38510	78.92155
사크리	IN	20.99104	74.31475
사하르사	IN	25.87498	86.59611
살렘	IN	11.65376	78.15538
삼발푸르	IN	21.46527	83.97573
상가네르	IN	19.56784	74.21154
샤트라푸르	IN	19.35574	84.98359
서스너	IN	23.94667	76.08825
선다	IN	26.15422	78.78120
세담	IN	17.17859	77.28998
세쿤데라바드	IN	17.50427	78.54263
세호	IN	23.20000	77.08333
센드화	IN	21.68562	75.09622
소네푸르	IN	20.83333	83.91667
소자트	IN	25.92493	73.66633
순더가르	IN	22.11667	84.03333
술리아	IN	12.56100	75.38741
쉬르푸르	IN	21.34821	74.88035
스리나가르	IN	34.08565	74.80555
스리카쿨람	IN	18.29890	83.89751
시들라하타	IN	13.38896	77.86444
시바카시	IN	9.44999	77.79797
시푸르	IN	25.66472	76.69616
신나르	IN	19.84505	73.99866
실로드	IN	20.30303	75.65284
실롱	IN	25.56892	91.88313
실바사	IN	20.27386	72.99673
심가	IN	21.62810	81.70376
심라	IN	31.10442	77.16662
아가르탈라	IN	23.83605	91.27939
아그라	IN	27.18333	78.01667
아난드	IN	22.55251	72.95520
아난트라그	IN	33.73068	75.15418
아르시케르	IN	13.31446	76.25704
아마다바드	IN	23.02579	72.58727
아메트	IN	25.30609	73.92580
아수사	IN	18.24728	76.49930
아요디아	IN	26.79909	82.20470
아우라이야	IN	26.46517	79.50918
아이자울	IN	23.72894	92.71791
아지메르	IN	26.45210	74.63867
아찰푸르	IN	21.25665	77.51006
아코트	IN	21.09630	77.05880
아콜라	IN	20.70957	76.99810
아투르	IN	11.59414	78.60143
알란드	IN	17.56425	76.56854
알롯	IN	23.76336	75.55662
알리야푸르	IN	22.30393	74.35568
알와	IN	27.56246	76.62500
암리차르	IN	31.62234	74.87534
야지르	IN	16.77007	77.13755
에랑돌	IN	20.92206	75.32641
에로드	IN	11.34280	77.72741
예올라	IN	20.04240	74.48944
오타팔람	IN	10.77350	76.37758
옹골	IN	15.50357	80.04454
와랑갈	IN	18.00000	79.58333
와로라	IN	20.22885	79.00277
우다이푸르	IN	24.58584	73.71346
우두피	IN	13.33467	74.74617
우마가	IN	17.83841	76.62331
우자인	IN	23.18239	75.77643
울하스나가르	IN	19.21667	73.15000
움레이드	IN	20.85396	79.32466
워어드	IN	21.47101	78.26965
인도르	IN	22.71792	75.83330
일루루	IN	16.71311	81.10437
자발푸르	IN	23.16697	79.95006
자오라	IN	23.63783	75.12711
자이살메르	IN	26.91763	70.90387
자이푸르	IN	26.91962	75.78781
자쟈르	IN	28.60630	76.65650
잘란다르	IN	31.32556	75.57917
잠나가르	IN	22.47292	70.06673
잠무	IN	32.73528	74.86167
잠셰드푸르	IN	22.80278	86.18545
제바르기	IN	17.01394	76.77317
조드푸르	IN	26.26841	73.00594
조와이	IN	25.43596	92.19132
지라	IN	30.96853	74.99106
차쿠스	IN	26.60510	75.94814
차타르푸르	IN	24.91770	79.58871
찬나기리	IN	14.02399	75.92577
찬나파트나	IN	12.65143	77.20672
찬다나가르	IN	22.86225	88.36796
찬다울리	IN	25.25803	83.26825
찬다푸르	IN	19.95076	79.29523
체다바람	IN	11.39933	79.69144
체르탈라	IN	9.68444	76.33558
첸나이	IN	13.08784	80.27847
촙다	IN	21.24578	75.29946
카나우지	IN	27.05524	79.91880
카나카푸라	IN	12.54654	77.42005
카라구푸르	IN	25.12446	86.55578
카라르	IN	30.74632	76.64689
카루르	IN	10.95771	78.08095
카루르	IN	11.86752	75.35763
카르와르	IN	14.81361	74.12972
카스간즈	IN	27.80882	78.64579
카시푸르	IN	29.21399	78.95693
카이라나	IN	29.39541	77.20540
카이탈	IN	29.80153	76.39959
카임간지	IN	27.55441	79.33525
카투만나르코일	IN	11.27631	79.55784
카트고라	IN	22.50247	82.54279
카푸르탈라	IN	31.38011	75.38105
칸나	IN	30.70547	76.22196
칸치푸람	IN	12.83515	79.70006
칼라케레	IN	14.31800	76.65165
케크리	IN	25.97132	75.14992
코다	IN	20.18268	85.61629
코다르마	IN	24.46753	85.59397
코라타지어	IN	13.52200	77.23730
코임바토르	IN	11.00555	76.96612
코지코드	IN	11.24802	75.78040
코크라하르	IN	26.40107	90.27286
코타	IN	22.29507	82.02366
코타	IN	25.18254	75.83907
코타얌	IN	9.58692	76.52132
코파르가온	IN	19.88239	74.47605
코팔	IN	15.34522	76.15478
코히마	IN	25.67467	94.11099
콜라시브	IN	24.22388	92.67869
콜람	IN	8.88113	76.58469
콜카타	IN	22.56263	88.36304
쿠니갈	IN	13.02319	77.02518
쿠달로르	IN	11.75617	79.76693
쿠르누엘	IN	15.82887	78.03602
쿠타크	IN	20.46497	85.87927
쿤다	IN	25.71702	81.51396
쿤드골	IN	15.25612	75.24735
쿨루	IN	31.95835	77.10823
킨와트	IN	19.62557	78.19870
타카푸르	IN	22.12915	81.86959
탄자부르	IN	10.78523	79.13909
테온싸르	IN	24.98207	81.64194
토다라이징	IN	26.02401	75.48182
토다힘	IN	26.91667	76.81667
통크	IN	26.16638	75.78824
투투쿠디	IN	8.76735	78.13425
툼사르	IN	21.38333	79.73333
티루넬벨리	IN	8.72742	77.68380
티루바난타푸람	IN	8.48550	76.94924
티루발루르	IN	13.14376	79.90889
티루첸고드	IN	11.38016	77.89444
티루치라팔리	IN	10.81550	78.69651
파나지	IN	15.49574	73.82624
파드라나	IN	26.90403	83.98087
파드마푸르	IN	21.00000	83.06667
파롤라	IN	20.88098	75.11937
파우리	IN	30.15286	78.77710
파이탄	IN	19.47506	75.38558
파타우디	IN	28.32547	76.77858
파토코타이	IN	10.42358	79.31949
파트나	IN	25.59408	85.13563
파판코트	IN	32.27484	75.65287
팔라카드	IN	10.77319	76.65366
팔로디	IN	27.13102	72.36826
팔월	IN	28.14469	77.32546
페호와	IN	29.97897	76.58249
포르반다르	IN	21.64219	69.60929
포트블레어	IN	11.66613	92.74635
폰다	IN	15.40341	74.01519
푸네	IN	18.51957	73.85535
푸리나	IN	25.77895	87.47422
핌프리친치와드	IN	18.61867	73.80375
하산	IN	13.00715	76.09620
할드와니	IN	29.22254	79.52860
할리야일	IN	15.32864	74.75638
호사두르가	IN	13.79631	76.28408
호샨가바드	IN	22.74747	77.72736
호스코테	IN	13.07070	77.79814
홀랄커러	IN	14.04295	76.18496
힝골리	IN	19.71464	77.14238
나자프	IQ	32.02594	44.34625
라마디	IQ	33.42056	43.30778
모술	IQ	36.33500	43.11889
바그다드	IQ	33.34058	44.40088
카르발라	IQ	32.61603	44.02488
쿠파	IQ	32.05114	44.44017
키르쿠크	IQ	35.46806	44.39222
힐라	IQ	32.46367	44.41963
라슈트	IR	37.27611	49.58862
마슈하드	IR	36.29807	59.60567
반다르아바스	IR	27.18650	56.28080
반다르에에맘호메이니	IR	30.43698	49.10288
사난다지	IR	35.31495	46.99883
사리	IR	36.56332	53.06009
시라즈	IR	29.61031	52.53113
아바단	IR	30.33920	48.30430
아바즈	IR	31.31901	48.68420
아하르	IR	38.47740	47.06990
야수즈	IR	30.66824	51.58796
야즈드	IR	31.89722	54.36750
이스파한	IR	32.65246	51.67462
자헤단	IR	29.49630	60.86290
카라지	IR	35.83266	50.99155
카즈빈	IR	36.26877	50.00410
케르만	IR	30.28321	57.07879
타브리즈	IR	38.08000	46.29190
테헤란	IR	35.69439	51.42151
레이캬비크	IS	64.13548	-21.89541
아쿠레이리	IS	65.68353	-18.08780
케플라비크	IS	64.00492	-22.56242
코파보귀르	IS	64.11234	-21.91298
하프나르피외르뒤르	IS	64.06710	-21.93774
나폴리	IT	40.85216	14.26811
네투노	IT	41.45794	12.66393
레체	IT	40.35481	18.17244
로마	IT	41.89193	12.51133
메시나	IT	38.19394	15.55256
밀라노	IT	45.46427	9.18951
바리	IT	41.12066	16.86982
베니스	IT	45.43713	12.33265
베로나	IT	45.43854	10.99380
보스코레알레	IT	40.77274	14.48118
볼로냐	IT	44.49381	11.33875
산타마리아카푸아베테레	IT	41.08156	14.25342
스폴레토	IT	42.74071	12.73899
시라쿠사	IT	37.07542	15.28664
아르데아	IT	41.60742	12.54158
아오스타	IT	45.73764	7.31722
아프릴리아	IT	41.59452	12.65419
제노바	IT	44.40478	8.94439
카탄차로	IT	38.88247	16.60086
카푸아	IT	41.10519	14.21269
칼리아리	IT	39.23054	9.11917
크레모나	IT	45.13325	10.02129
크로토네	IT	39.08077	17.12764
키에리	IT	45.01054	7.82133
투린	IT	45.07049	7.68682
트렌토	IT	46.06787	11.12108
트리에스테	IT	45.64953	13.77678
파도바	IT	45.40797	11.88586
팔레르모	IT	38.11660	13.36360
포르데노네	IT	45.95689	12.66051
피렌체	IT	43.77925	11.24626
세인트헬리어	JE	49.18804	-2.10491
몬테고베이	JM	18.47116	-77.91883
스패니시타운	JM	17.99107	-76.95742
킹스턴	JM	17.99702	-76.79358
마프라크	JO	32.34289	36.20804
암만	JO	31.95522	35.94503
이르비드	JO	32.55556	35.85000
자르카	JO	32.07275	36.08796
도쿄	JP	35.68950	139.69171
아사쿠사	JP	35.71691	139.79575
이케부쿠로	JP	35.73681	139.70711
가리사	KE	-0.45275	39.64601
나이로비	KE	-1.28333	36.81667
나쿠루	KE	-0.30719	36.07225
니에리	KE	-0.42013	36.94759
라무	KE	-2.27169	40.90201
마차코스	KE	-1.52233	37.26521
말린디	KE	-3.21799	40.11692
모얄레	KE	3.52661	39.05610
몸바사	KE	-4.05466	39.66359
엘도레트	KE	0.52036	35.26993
키수무	KE	-0.10221	34.76171
발릭치	KG	42.46017	76.18709
밧켄	KG	40.06040	70.81929
비슈케크	KG	42.87000	74.59000
오시	KG	40.52828	72.79850
잘랄아바트	KG	40.94498	72.99313
카라콜	KG	42.49047	78.39197
토크마크	KG	42.84194	75.30149
바탐방	KH	13.10271	103.19822
시엠립	KH	13.36179	103.86056
캄포트	KH	10.61041	104.18145
프놈펜	KH	11.56245	104.91601
타라와	KI	1.32780	172.97696
모로니	KM	-11.70216	43.25506
바스테르	KN	17.29550	-62.72499
갑산읍	KP	41.09028	128.29333
강계	KP	40.96946	126.58523
강령	KP	37.90750	125.51000
개성	KP	37.97083	126.55444
개천	KP	39.70056	125.89333
경성	KP	41.58778	129.60611
고산	KP	38.85583	127.41806
고원	KP	39.43806	127.24306
고풍	KP	40.60389	125.94667
구성	KP	39.97969	125.25290
길주	KP	40.96417	129.32778
남양	KP	42.95044	129.85571
남포	KP	38.73750	125.40778
당산	KP	42.52182	130.39572
덕천	KP	39.75261	126.25798
라남	KP	41.71361	129.68444
라진	KP	42.25559	130.28308
리원	KP	40.32306	128.65528
만경대리	KP	38.99182	125.65871
만포	KP	41.15472	126.28944
명간동	KP	41.13722	129.49472
명천	KP	41.07056	129.42917
무산읍	KP	42.22609	129.20776
배천읍	KP	37.99306	126.30139
백학	KP	39.46275	125.60594
부녕	KP	42.06224	129.70457
사리원	KP	38.50722	125.75583
삼지연읍	KP	41.80356	128.31886
삼천	KP	38.35944	125.32586
삼호로동자구	KP	39.94750	127.87111
선봉	KP	42.35118	130.38307
송림리	KP	38.76349	125.64096
송원	KP	40.37278	126.30833
송원	KP	40.37704	125.87867
송화	KP	38.36028	125.13722
순안	KP	39.20323	125.69312
시중	KP	41.07889	126.37500
신막	KP	38.41667	126.23333
신안주	KP	39.59806	125.60972
신원읍	KP	38.23532	125.76244
신의주	KP	40.10056	124.39806
신천읍	KP	38.35323	125.48423
신포	KP	40.03971	128.19430
아양리	KP	38.24719	125.79476
안악	KP	38.51083	125.49417
안주	KP	39.61778	125.66472
어랑	KP	41.44778	129.65556
여침동	KP	40.36174	126.65852
온성	KP	42.95722	129.99333
옹진	KP	37.93472	125.36194
웅기	KP	42.34166	130.41081
원산	KP	39.15278	127.44361
은덕	KP	42.51878	130.33479
은률	KP	38.51389	125.18972
은천	KP	38.56556	125.42722
의주	KP	40.19944	124.53167
장암촌	KP	40.60611	128.78194
장연	KP	38.25083	125.09611
재령리	KP	38.73583	125.23083
재령읍	KP	38.39917	125.61556
정주	KP	39.69252	125.21355
중강	KP	41.77722	126.87361
중화	KP	38.86389	125.80000
처산리	KP	39.40333	125.50889
청단읍	KP	37.97028	125.93750
청진시	KP	41.79556	129.77583
태탄	KP	38.08822	125.29830
평양	KP	39.03385	125.75432
함흥	KP	39.91833	127.53639
해주	KP	38.04056	125.71472
혜산	KP	41.40167	128.17778
혜산동	KP	41.39530	128.18727
홍원	KP	40.02528	127.95583
화대	KP	40.83806	129.49694
화성	KP	41.25556	129.49278
황주읍	KP	38.67028	125.77611
회령	KP	42.44113	129.74601
회양	KP	38.71028	127.59833
흑교리	KP	38.79861	125.79194
흥람	KP	39.84198	127.63206
가평	KR	37.83101	127.51059
감포	KR	35.80538	129.50110
강동	KR	37.72899	128.95419
강릉	KR	37.75266	128.87239
강진	KR	35.53034	127.16357
강화군	KR	37.74722	126.48556
거제	KR	34.81379	128.70556
겸백	KR	34.82987	127.15181
경산	KR	35.82333	128.73778
경주시	KR	35.84278	129.21167
고성	KR	34.97631	128.32361
고성	KR	38.37881	128.46760
고양	KR	37.65639	126.83500
고창	KR	35.43333	126.70000
공음	KR	35.37825	126.51141
공주	KR	36.45556	127.12472
관인	KR	38.15921	127.24935
관촌	KR	35.67463	127.27065
광명	KR	37.47722	126.86639
광양	KR	34.94140	127.69569
광적	KR	37.82566	126.98349
광주	KR	35.15472	126.91556
광주	KR	37.41000	127.25722
광탄	KR	37.78055	126.85004
괴산	KR	36.81083	127.79472
교동	KR	37.78272	126.28117
구례	KR	35.20944	127.46444
구룡포	KR	35.98994	129.55377
구리	KR	37.59860	127.13940
구림	KR	35.45360	127.10232
구미	KR	36.11360	128.33600
구정	KR	37.71904	128.87990
군남	KR	35.24032	126.45280
군북	KR	36.16780	127.52740
군북	KR	36.33055	127.53366
군산시	KR	35.97861	126.71139
군서	KR	35.25851	126.47516
군서	KR	36.27887	127.52689
군위	KR	36.23472	128.57278
군포	KR	37.36750	126.94694
규암	KR	36.27549	126.88418
금산	KR	36.10306	127.48889
금성	KR	34.96449	127.79025
금정	KR	34.86348	126.74895
기장	KR	35.24417	129.21389
김천	KR	36.12176	128.11981
김포	KR	37.62361	126.71417
김해시	KR	35.23417	128.88111
나산	KR	35.11447	126.60908
나주	KR	35.02920	126.71750
낙월	KR	35.20248	126.13757
남면	KR	34.77247	127.88668
남면	KR	35.00782	127.09621
남양주	KR	37.63667	127.21417
노동	KR	34.79802	127.07073
논산시	KR	36.20389	127.08472
담양	KR	35.31889	126.98389
당진	KR	36.89444	126.62972
대구	KR	35.87028	128.59111
대마	KR	35.30183	126.57748
대산	KR	35.34168	126.60327
대산리	KR	36.97140	126.45420
대전	KR	36.34913	127.38493
대합	KR	35.61365	128.47165
덕진	KR	34.81951	126.69688
도포	KR	34.84601	126.64367
동계	KR	35.44168	127.24264
동내	KR	37.84747	127.76164
동래	KR	35.20159	129.08477
동면	KR	35.03069	127.03837
동면	KR	38.20135	128.04327
동복	KR	35.07000	127.13028
동이	KR	36.28440	127.61990
마산	KR	35.12725	126.83149
목포	KR	34.81282	126.39181
묘량	KR	35.25755	126.54315
문경	KR	36.59458	128.19946
문경	KR	36.73528	128.10833
문덕	KR	34.92966	127.17236
미력	KR	34.80134	127.08749
미조	KR	34.71280	128.04605
밀양시	KR	35.49333	128.74889
반남	KR	34.90444	126.65175
방산	KR	38.20880	127.95028
백수	KR	35.28401	126.42038
백전	KR	35.55344	127.63557
번암	KR	35.53236	127.54372
벌교	KR	34.84897	127.34052
법성	KR	35.36270	126.44620
법원	KR	37.84902	126.87533
별량	KR	34.87479	127.45159
병곡	KR	35.53064	127.68155
보령	KR	36.34931	126.59772
보성	KR	34.77148	127.07996
복내	KR	34.89322	127.13128
봉강	KR	35.01170	127.58128
부산	KR	35.10168	129.03004
부여	KR	36.27472	126.90906
부천	KR	37.49889	126.78306
불갑	KR	35.20946	126.50768
비인	KR	36.14029	126.60300
산내	KR	35.56782	127.03012
산서	KR	35.58362	127.39679
삼승	KR	36.39700	127.73201
삼척	KR	37.44056	129.17083
상사	KR	34.93944	127.45523
상월	KR	36.29480	127.14090
상주	KR	34.72423	127.98521
상주	KR	36.41528	128.16056
상하	KR	35.44487	126.49517
서동	KR	33.48443	126.49252
서산	KR	36.78167	126.45222
서상	KR	35.68185	127.68774
서석	KR	37.71190	128.18713
서울	KR	37.56600	126.97840
선산	KR	36.24083	128.29750
선원	KR	37.71223	126.48439
설천	KR	36.00900	127.79010
성남	KR	37.43861	127.13778
성수	KR	35.63090	127.33344
성환	KR	36.91556	127.13139
세종	KR	36.59245	127.29223
세지	KR	34.92007	126.74940
속초	KR	38.20701	128.59181
송광	KR	34.97504	127.26377
송해	KR	37.76360	126.46577
수동	KR	37.70353	127.32580
수원	KR	37.29111	127.00889
순천	KR	34.95050	127.48784
승주	KR	35.01532	127.38970
시종	KR	34.86886	126.60706
시흥동	KR	37.45177	126.91079
신광	KR	36.12911	129.26360
신동	KR	37.81735	127.71656
신서	KR	38.18561	127.10819
신안	KR	34.82620	126.10863
신안	KR	34.83394	126.35133
심원	KR	35.52448	126.55107
심천	KR	36.23734	127.72248
쌍치	KR	35.50202	127.00283
아산	KR	36.78361	127.00417
안남	KR	36.35680	127.67282
안내	KR	36.39435	127.66031
안동	KR	36.56636	128.72275
안산	KR	37.32361	126.82194
안성	KR	37.01083	127.27028
안양	KR	37.39250	126.92694
압해	KR	34.86689	126.31279
양구	KR	38.10583	127.98944
양사	KR	37.79872	126.40800
양산	KR	35.34199	129.03358
양주	KR	37.83311	127.06169
양평	KR	37.48972	127.49056
여수	KR	34.71932	127.74849
여수	KR	34.76062	127.66215
여주	KR	37.29583	127.63389
연일	KR	36.00446	129.31850
연천	KR	38.10113	127.07727
염산	KR	35.21831	126.37194
영광	KR	35.27814	126.51181
영덕	KR	36.41366	129.37000
영동	KR	36.17500	127.77639
영암	KR	34.80059	126.69669
영월	KR	37.18447	128.46821
영주	KR	36.82167	128.63083
예산	KR	36.67756	126.84272
예천	KR	36.65740	128.45514
오남	KR	37.69834	127.20579
오산	KR	37.15222	127.07056
오천	KR	35.97046	129.41222
옥곡	KR	34.99030	127.69875
옥룡	KR	35.01766	127.61925
옥천	KR	36.30120	127.56800
와부	KR	37.58972	127.22028
완주	KR	35.84509	127.14752
왜관	KR	35.99251	128.39785
외서	KR	34.91420	127.27727
용산	KR	36.26030	127.82850
용안	KR	36.11962	126.95283
용화	KR	36.02130	127.76650
울산	KR	35.53722	129.31667
원주시	KR	37.35139	127.94528
월곶	KR	37.71646	126.55429
유성	KR	36.35389	127.33667
유치	KR	34.80247	126.83899
율어	KR	34.87102	127.18702
의왕	KR	37.36528	126.94778
의정부	KR	37.74150	127.04740
이양	KR	34.88953	126.98778
이원	KR	36.24613	127.61964
이천	KR	37.27917	127.44250
익산시	KR	35.94389	126.95444
인계	KR	35.41261	127.14135
인천	KR	37.45646	126.70515
일광	KR	35.26400	129.23349
일로	KR	34.85258	126.48952
임실	KR	35.61306	127.27944
임자	KR	35.08457	126.11105
장성	KR	35.29778	126.78444
장수	KR	35.64842	127.51523
장안	KR	35.31296	129.24244
장평	KR	36.34140	126.89300
장흥	KR	34.68164	126.90694
장흥	KR	37.71727	126.94122
적량	KR	35.08337	127.77696
전곡	KR	38.02596	127.07021
전주	KR	35.82194	127.14889
정읍시	KR	35.60004	126.91699
제주	KR	33.50972	126.52194
조성	KR	34.80915	127.24754
주문진	KR	37.89139	128.82583
주암	KR	35.07733	127.23496
지도	KR	35.06132	126.20753
진상	KR	35.02117	127.71976
진안군	KR	35.79167	127.42528
진월	KR	34.97910	127.75807
진잠	KR	36.30029	127.31719
진접	KR	37.72722	127.18992
진주시	KR	35.19278	128.08472
진천	KR	36.85667	127.44333
창녕	KR	35.54145	128.49506
창원시	KR	35.22806	128.68111
창평	KR	35.23904	127.01792
천안	KR	36.80650	127.15220
철원	KR	38.20917	127.21750
청남	KR	36.35339	126.95233
청산	KR	36.34655	127.79366
청성	KR	36.32720	127.75978
청송	KR	36.43351	129.05700
청양	KR	36.45156	126.80365
청주	KR	36.63722	127.48972
청평	KR	37.73550	127.41740
청풍	KR	34.87676	126.97029
청하	KR	36.19797	129.33911
추풍령	KR	36.21712	127.99190
춘천	KR	37.87472	127.73417
충무	KR	34.84957	128.42779
충주	KR	36.97666	127.92870
칠보	KR	35.60319	126.99342
탄현	KR	37.80240	126.71598
태백	KR	37.17590	128.98890
토성	KR	38.25679	128.55968
통신	KR	37.69191	126.59855
파주	KR	37.83278	126.81694
팔금	KR	34.78566	126.14288
평택	KR	36.99472	127.08889
포항	KR	36.02917	129.36481
하남	KR	37.54000	127.20556
하동	KR	35.06800	127.75147
하성	KR	37.71953	126.63107
하점	KR	37.77419	126.41226
학산	KR	36.09760	127.68440
한천	KR	34.97411	127.00028
함열	KR	36.07595	126.96405
해남	KR	34.57111	126.59889
해룡	KR	34.91406	127.53764
해리	KR	35.46144	126.53914
해보	KR	35.18122	126.60102
해안	KR	38.28634	128.13774
해제	KR	35.11073	126.29458
현풍	KR	35.69557	128.44608
홍농	KR	35.39587	126.44531
홍성	KR	36.60090	126.66500
홍천	KR	37.69180	127.88570
화남	KR	36.44874	127.90601
화성	KR	37.20682	126.81690
화순	KR	35.06125	126.98746
화양	KR	34.70846	127.61340
화천	KR	38.10705	127.70632
황간	KR	36.23240	127.90830
회남	KR	36.44445	127.58033
흥해	KR	36.10945	129.34517
쿠웨이트	KW	29.36700	47.97429
조지타운	KY	19.28660	-81.37436
바이코누르	KZ	45.61667	63.31667
세메이	KZ	50.42064	80.25025
쉼켄트	KZ	42.30988	69.60042
아랄	KZ	46.80174	61.66312
아르칼리크	KZ	50.25031	66.90384
아스타나	KZ	51.18010	71.44598
아티라우	KZ	47.10480	51.88427
악타우	KZ	43.66105	51.17392
악퇴베	KZ	50.27969	57.20718
알마티	KZ	43.25249	76.91150
에키바스투즈	KZ	51.72371	75.32287
오랄	KZ	51.24601	51.42558
외스케멘	KZ	49.97143	82.60586
코스타나이	KZ	53.21435	63.62463
콕셰타우	KZ	53.28414	69.39364
키질로르다	KZ	44.85278	65.50917
타라즈	KZ	42.89799	71.37334
탈디코르간	KZ	45.01556	78.37389
테미르타우	KZ	50.05197	72.95497
파블로다르	KZ	52.27601	76.96881
페트로파블	KZ	54.87343	69.15065
루앙프라방	LA	19.89330	102.15250
비엔티안	LA	17.96667	102.60000
팍세	LA	15.12022	105.79898
바알베크	LB	34.00583	36.21806
베이루트	LB	33.89332	35.50157
시돈	LB	33.55751	35.37148
자흘레	LB	33.84675	35.90203
트리폴리	LB	34.43352	35.84415
캐스트리스	LC	13.99570	-61.00614
파두츠	LI	47.14151	9.52154
갬폴라	LK	7.16430	80.56960
네곰보	LK	7.20830	79.83580
라트나푸라	LK	6.68580	80.40360
마타라	LK	5.94851	80.53528
마탈르	LK	7.46980	80.62170
바둘라	LK	6.98020	81.05770
벤토타	LK	6.42598	79.99575
스리자야와르다나푸라	LK	6.88297	79.90708
아누라다푸라	LK	8.31223	80.41306
자프나	LK	9.66845	80.00742
칠라오	LK	7.57583	79.79528
칼루타라	LK	6.58310	79.95930
캔디	LK	7.29060	80.63360
케갈레	LK	7.25230	80.34360
콜롬보	LK	6.93548	79.84868
쿠루네갈라	LK	7.48390	80.36830
트링코말리	LK	8.57780	81.22890
파나두라	LK	6.71320	79.90260
푸탈람	LK	8.03620	79.82830
함반토타	LK	6.12410	81.11850
몬로비아	LR	6.30054	-10.79690
뷰캐넌	LR	5.87693	-10.04964
마세루	LS	-29.31667	27.48333
마리얌폴레	LT	54.55787	23.35004
빌뉴스	LT	54.68916	25.27980
샤울랴이	LT	55.93333	23.31667
알리투스	LT	54.39574	24.03885
요나바	LT	55.08014	24.27544
우크메르게	LT	55.25000	24.75000
우테나	LT	55.49780	25.60462
카우나스	LT	54.90156	23.90909
케다이네이	LT	55.28782	23.97275
크레팅가	LT	55.88880	21.24448
클라이페다	LT	55.70680	21.13912
타우라게	LT	55.25222	22.28972
텔샤이	LT	55.98139	22.24722
파네베지스	LT	55.73186	24.35983
팔랑가	LT	55.91750	21.06861
룩셈부르크	LU	49.60982	6.13268
에슈쉬르알제트	LU	49.49583	5.98056
다우가프필스	LV	55.88333	26.53333
레제크네	LV	56.51028	27.34000
리가	LV	56.94600	24.10589
리예파야	LV	56.50474	21.01085
발미에라	LV	57.54108	25.42751
살라스필스	LV	56.86014	24.36544
예캅필스	LV	56.49903	25.85735
체시스	LV	57.31188	25.27456
투쿰스	LV	56.96764	23.15554
바니왈리드	LY	31.74554	13.98354
벵가지	LY	32.11486	20.06859
비라크	LY	27.54956	14.27139
시르테	LY	31.20892	16.58866
아지다비야	LY	30.75545	20.22625
알자우프	LY	24.19890	23.29093
주와라	LY	32.93120	12.08199
즐리텐	LY	32.46739	14.56874
투브루크	LY	32.08963	23.95385
트리폴리	LY	32.88743	13.18733
훔스	LY	32.64861	14.26191
겔밈	MA	28.98696	-10.05738
나도르	MA	35.16813	-2.93352
라라슈	MA	35.19321	-6.15572
라바트	MA	34.01325	-6.83255
모하메디아	MA	33.68607	-7.38298
베니멜랄	MA	32.33725	-6.34983
사피	MA	32.29939	-9.23718
세타트	MA	33.00103	-7.61662
스마라	MA	26.73841	-11.67194
시디이프니	MA	29.37975	-10.17299
아가디르	MA	30.42018	-9.59815
아실라	MA	35.46522	-6.03415
에사우이라	MA	31.51250	-9.77000
엘자디다	MA	33.25682	-8.50882
우지다	MA	34.68139	-1.90858
이프란	MA	33.52666	-5.11019
카사블랑카	MA	33.58831	-7.61138
케니트라	MA	34.26101	-6.58020
테투안	MA	35.57845	-5.36837
모나코	MC	43.73718	7.42145
두버사리	MD	47.26562	29.16667
르브니차	MD	47.76817	29.01000
벤데르	MD	46.83158	29.47671
에디네츠	MD	48.17319	27.30075
오르헤이	MD	47.38503	28.82535
운게니	MD	47.21023	27.80013
카훌	MD	45.90456	28.19516
커우셰니	MD	46.63738	29.41087
콤라트	MD	46.29488	28.65713
키시너우	MD	47.00902	28.85938
티라스폴	MD	46.84275	29.62840
닉시치	ME	42.77310	18.94446
바르	ME	42.09370	19.09841
부드바	ME	42.28721	18.83922
체티네	ME	42.39063	18.91417
포드고리차	ME	42.44124	19.26309
플레블라	ME	43.35670	19.35843
마리갓	MF	18.06819	-63.08302
마나카라	MG	-22.14862	48.01055
마하장가	MG	-15.71667	46.31667
모론다바	MG	-20.28869	44.31782
삼바바	MG	-14.26667	50.16667
안치라베	MG	-19.86586	47.03333
안타나나리보	MG	-18.91368	47.53613
토아마시나	MG	-18.14920	49.40234
톨리아라	MG	-23.35000	43.66667
피아나란초아	MG	-21.45267	47.08569
마주로	MH	7.08971	171.38027
게브겔리야	MK	41.14289	22.50108
고스티바르	MK	41.79627	20.90799
네고티노	MK	41.48456	22.09056
데바르	MK	41.52286	20.52198
벨레스	MK	41.71719	21.77196
비톨라	MK	41.03226	21.33553
스코페	MK	41.99646	21.43141
스트루가	MK	41.17787	20.67894
오흐리드	MK	41.11701	20.80175
카바다르치	MK	41.43344	22.01218
쿠마노보	MK	42.13279	21.71585
키체보	MK	41.51274	20.95867
테토보	MK	42.00989	20.97138
가오	ML	16.27167	-0.04472
몹티	ML	14.48430	-4.18296
바마코	ML	12.60915	-7.97522
세구	ML	13.44032	-6.25947
시카소	ML	11.31755	-5.66654
케스	ML	14.44776	-11.44393
쿨리코로	ML	12.86273	-7.55985
키달	ML	18.44345	1.40921
팀북투	ML	16.77348	-3.00742
내피도	MM	19.74500	96.12972
냐웅우	MM	21.20056	94.90827
다웨이	MM	14.08230	98.19151
라시오	MM	22.93590	97.74980
만달레이	MM	21.97473	96.08359
메르귀	MM	12.43954	98.60028
메이크틸라	MM	20.87776	95.85844
모가웅	MM	25.30543	96.93537
모니와	MM	22.10856	95.13583
모울메인	MM	16.49051	97.62825
모인	MM	24.77822	96.36863
무둠	MM	16.25624	97.72460
미치나	MM	25.38327	97.39637
민지안	MM	21.46002	95.38840
바고	MM	17.33521	96.48135
바모	MM	24.25256	97.23357
시트웨	MM	20.14624	92.89835
아마라푸라	MM	21.90709	96.04894
양곤	MM	16.80528	96.15611
예자조	MM	21.63241	95.24619
카요파요	MM	17.30132	95.19833
칼로	MM	20.63459	96.56454
타웅우	MM	18.94291	96.43408
타웅지	MM	20.78919	97.03776
파테인	MM	16.77919	94.73212
팡캄	MM	22.17924	99.16666
프롬	MM	18.81996	95.21562
핀다야	MM	20.94318	96.66266
핀마나	MM	19.73810	96.20742
힌타다	MM	17.64944	95.45705
바룬우르트	MN	46.68056	113.27917
볼강	MN	48.81250	103.53472
에르데네트	MN	49.03333	104.08333
올리아스타이	MN	47.74167	96.84444
울란바타르	MN	47.90771	106.88324
호브드	MN	48.00556	91.64194
마카오	MO	22.20056	113.54611
사이판	MP	15.21233	145.75450
포르드프랑스	MQ	14.60365	-61.07418
누악쇼트	MR	18.08581	-15.97850
로소	MR	16.51378	-15.80503
아타르	MR	20.51875	-13.04637
카에디	MR	16.15071	-13.50582
키파	MR	16.62073	-11.40208
브레이즈	MS	16.79183	-62.21058
플리머스	MS	16.70555	-62.21292
발레타	MT	35.89968	14.51480
슬리마	MT	35.91247	14.50175
오르미	MT	35.87601	14.47200
자바르	MT	35.87687	14.53592
쿠레피페	MU	-20.31628	57.52594
포트루이스	MU	-20.16194	57.49889
말레	MV	4.17521	73.50916
리원데	MW	-15.06665	35.22543
릴롱궤	MW	-13.96692	33.78725
블랜타이어	MW	-15.78499	35.00854
은코타코타	MW	-12.92744	34.29614
음주주	MW	-11.46556	34.02071
좀바	MW	-15.38596	35.31880
과나후아토	MX	21.01858	-101.25910
과달라하라	MX	20.67738	-103.34749
나우칼판	MX	19.47851	-99.23963
누에보라레도	MX	27.47629	-99.51639
델리카스	MX	28.19013	-105.47012
두랑고	MX	24.02032	-104.65756
라바르카	MX	20.28988	-102.54198
레이노사	MX	26.08005	-98.28456
로스모치스	MX	25.79097	-108.99825
마사틀란	MX	23.22163	-106.41885
만사니요	MX	19.11695	-104.34214
메리다	MX	20.96700	-89.62318
멕시칼리	MX	32.62781	-115.45446
멕시코시티	MX	19.42847	-99.12766
모렐리아	MX	19.70078	-101.18443
모툴	MX	21.09571	-89.28332
몬테레이	MX	25.68435	-100.31721
바야돌리드	MX	20.68812	-88.19936
베라크루스	MX	19.18095	-96.14290
비야에르모사	MX	17.98625	-92.93928
사카테카스	MX	22.76843	-102.58141
산루이스포토시	MX	22.15234	-100.97135
산미겔데아옌데	MX	20.91528	-100.74389
산펠리페	MX	31.02526	-114.84173
살티요	MX	25.42595	-100.97963
시우다드빅토리아	MX	23.74061	-99.14364
시우다드오브레곤	MX	27.48642	-109.94079
시우다드후아레스	MX	31.72024	-106.46084
아과스칼리엔테스	MX	21.88262	-102.28430
아카풀코	MX	16.84942	-99.90891
에르모시요	MX	29.08874	-110.96677
엔세나다	MX	31.87149	-116.60071
오악사카	MX	17.06025	-96.72544
우루아판	MX	19.41677	-102.05842
체투말	MX	18.51957	-88.30397
촐룰라	MX	19.06406	-98.30352
치와와	MX	28.63528	-106.08889
카보산루카스	MX	22.89088	-109.91238
칸쿤	MX	21.17429	-86.84656
케레타로	MX	20.58806	-100.38806
코아트사코알코스	MX	18.14905	-94.44470
쿠에르나바카	MX	18.92610	-99.23075
탐피코	MX	22.28519	-97.87777
테카테	MX	32.56600	-116.63187
테킬라	MX	20.88205	-103.83599
테픽	MX	21.50733	-104.89332
톨루카	MX	19.28786	-99.65324
툭스틀라구티에레스	MX	16.75357	-93.11578
티후아나	MX	32.50270	-117.00371
파추카	MX	20.11697	-98.73329
푸에르토바야르타	MX	20.61700	-105.23018
푸에르토에스콘디도	MX	15.86275	-97.06835
푸에블라	MX	19.04778	-98.20723
플라야델카르멘	MX	20.62740	-87.07987
라나우	MY	5.95380	116.66410
미리	MY	4.39928	113.99163
버터워스	MY	5.39910	100.36382
베통	MY	1.40000	111.51667
빈툴루	MY	3.16667	113.03333
사리케이	MY	2.11667	111.51667
사이버자야	MY	2.92281	101.65718
산다칸	MY	5.84020	118.11790
샤알람	MY	3.08507	101.53281
수방자야	MY	3.04384	101.58062
스름반	MY	2.72970	101.93810
시부	MY	2.30000	111.81667
알로르스타르	MY	6.12104	100.36014
암팡자야	MY	3.15000	101.76667
이포	MY	4.58410	101.08290
조지타운	MY	5.41123	100.33543
조호르바루	MY	1.46550	103.75780
캉아르	MY	6.44140	100.19862
케닌가우	MY	5.33780	116.16020
코타바루	MY	6.12361	102.24333
코타키나바루	MY	5.97490	116.07240
쿠안탄	MY	3.80770	103.32600
쿠알라룸푸르	MY	3.14120	101.68653
쿠알라트렝가누	MY	5.33020	103.14080
쿠알라픈유	MY	5.57140	115.59840
쿠알르캉사르	MY	4.76667	100.93333
쿠칭	MY	1.55000	110.33333
클랑	MY	3.03667	101.44333
타와우	MY	4.24482	117.89115
타이핑	MY	4.85000	100.73333
틀룩인탄	MY	4.02219	101.02083
파파르	MY	5.73333	115.93333
프탈링자야	MY	3.10726	101.60671
남풀라	MZ	-15.11646	39.26660
리싱가	MZ	-13.31278	35.24056
마시스	MZ	-23.85972	35.34722
마푸토	MZ	-25.96553	32.58322
베이라	MZ	-19.84361	34.83889
샤이샤이	MZ	-25.05194	33.64417
시모이우	MZ	-19.11639	33.48333
이냠바느	MZ	-23.86500	35.38333
켈리마느	MZ	-17.87861	36.88833
테트	MZ	-16.15639	33.58667
펨바	MZ	-12.97395	40.51775
그루트폰테인	NA	-19.57328	18.10030
룬두	NA	-17.91796	19.77314
뤼데리츠	NA	-26.64807	15.15383
빈트후크	NA	-22.55941	17.08323
스바코프문트	NA	-22.67842	14.52663
월비스베이	NA	-22.95750	14.50528
추메브	NA	-19.24842	17.71345
카티마물릴로	NA	-17.50467	24.27574
케이트만스호프	NA	-26.57654	18.13359
누메아	NC	-22.27407	166.44884
니아메	NE	13.51366	2.10980
디파	NE	13.31536	12.61135
마라디	NE	13.50000	7.10174
아가데즈	NE	16.97333	7.99111
아를리트	NE	18.73694	7.38528
잔데르	NE	13.80716	8.98810
타우아	NE	14.88880	5.26920
틸라베리	NE	14.20711	1.45418
킹스턴	NF	-29.05459	167.96628
라고스	NG	6.45407	3.39467
마이두구리	NG	11.84692	13.15712
마쿠르디	NG	7.73375	8.52139
민나	NG	9.61524	6.54776
베닌시티	NG	6.33815	5.62575
소코토	NG	13.06269	5.24322
아바	NG	5.10658	7.36667
아베오쿠타	NG	7.15571	3.34509
아부자	NG	9.05785	7.49508
아우카	NG	6.21269	7.07199
아쿠레	NG	7.25256	5.19312
에누구	NG	6.44132	7.49883
오니차	NG	6.14978	6.78569
오웨리	NG	5.48363	7.03325
와리	NG	5.51737	5.75006
욜라	NG	9.20839	12.48146
우무아히아	NG	5.52491	7.49461
이바단	NG	7.37756	3.90591
일로린	NG	8.49664	4.54214
자리아	NG	11.11128	7.72270
조스	NG	9.92849	8.89212
카노	NG	12.00012	8.51672
카두나	NG	10.52641	7.43879
카치나	NG	12.99082	7.60177
칼라바르	NG	4.95893	8.32695
포트하커트	NG	4.77742	7.01340
그라나다	NI	11.93062	-85.95368
레온	NI	12.43527	-86.87862
마나과	NI	12.13282	-86.25040
블루필즈	NI	12.01292	-83.76449
소모토	NI	13.48410	-86.58229
에스텔리	NI	13.09291	-86.35589
네이메헌	NL	51.84250	5.85278
네이커르크	NL	52.22000	5.48611
데벤터르	NL	52.25500	6.16389
레이던	NL	52.15833	4.49306
레이우아르던	NL	53.20271	5.80973
로센달	NL	51.53083	4.46528
로테르담	NL	51.92250	4.47917
마스트리흐트	NL	50.84833	5.68889
미델뷔르흐	NL	51.50000	3.61389
바른	NL	52.21167	5.28750
베르헌옵좀	NL	51.49500	4.29167
브레다	NL	51.58656	4.77596
빌토번	NL	52.13000	5.20139
스네이크	NL	53.03297	5.65890
스헤베닝언	NL	52.10461	4.27557
시타르트	NL	50.99833	5.86944
아른험	NL	51.98000	5.91111
아선	NL	52.99667	6.56250
아펠도른	NL	52.21000	5.96944
알크마르	NL	52.63167	4.74861
암스테르담	NL	52.37403	4.88969
암스텔베인	NL	52.30083	4.86389
에먼	NL	52.77917	6.90694
에인트호번	NL	51.44083	5.47778
엔스헤더	NL	52.21833	6.89583
위트레흐트	NL	52.09083	5.12222
잔담	NL	52.43854	4.82643
제이스트	NL	52.09000	5.23333
쥣펀	NL	52.13833	6.20139
즈볼러	NL	52.51250	6.09444
카펠러안덴에이설	NL	51.92917	4.57778
캄펀	NL	52.55500	5.91111
틸뷔르흐	NL	51.55551	5.09130
페헐	NL	51.61667	5.54861
폴렌담	NL	52.49500	5.07083
퓌르메런트	NL	52.50500	4.95972
플리싱언	NL	51.44250	3.57361
하르덴베르흐	NL	52.57583	6.61944
하를럼	NL	52.38084	4.63683
하를링언	NL	53.17477	5.42244
하우다	NL	52.01667	4.70833
헤이그	NL	52.07667	4.29861
헤임스테더	NL	52.34992	4.62301
헬몬트	NL	51.48167	5.66111
호른	NL	52.64250	5.05972
호린험	NL	51.83652	4.97243
후스	NL	51.50417	3.88889
흐로닝언	NL	53.21917	6.56667
그림스타드	NO	58.34050	8.59343
드람멘	NO	59.74389	10.20449
라르비크	NO	59.05328	10.03517
레방에르	NO	63.74644	11.29963
릴레함메르	NO	61.11514	10.46628
모스	NO	59.43403	10.65771
모이라나	NO	66.31278	14.14278
몰데	NO	62.73752	7.15912
베르겐	NO	60.39299	5.32415
보되	NO	67.28267	14.37513
사릅스보르그	NO	59.28391	11.10962
산네피오르	NO	59.13118	10.21665
시엔	NO	59.20962	9.60897
아렌달	NO	58.46151	8.77253
아스케르	NO	59.83333	10.43721
알타	NO	69.96887	23.27165
예비크	NO	60.79574	10.69155
오슬로	NO	59.91273	10.74609
올레순	NO	62.47225	6.15492
퇸스베르그	NO	59.26754	10.40762
트론헤임	NO	63.43049	10.39506
트롬쇠	NO	69.64890	18.95508
포르스그룬	NO	59.14054	9.65610
하마르	NO	60.79450	11.06798
헤우게순	NO	59.41378	5.26800
호르텐	NO	59.41721	10.48343
바랏푸르	NP	27.68027	84.43647
비랏나가르	NP	26.45505	87.27007
자낙푸르	NP	26.72882	85.92628
카트만두	NP	27.70169	85.32060
포카라	NP	28.26689	83.96851
알로피	NU	-19.05294	-169.91957
기즈번	NZ	-38.65333	178.00417
네이피어	NZ	-39.49260	176.91233
넬슨	NZ	-41.27078	173.28404
뉴플리머스	NZ	-39.06667	174.08333
로어헛	NZ	-41.21667	174.91667
로토루아	NZ	-38.13874	176.24516
리치먼드	NZ	-41.33333	173.18333
매스터턴	NZ	-40.95972	175.65750
블레넘	NZ	-41.51603	173.95280
애슈버턴	NZ	-43.89834	171.73011
어퍼헛	NZ	-41.13827	175.05020
오클랜드	NZ	-36.84853	174.76349
왕거누이	NZ	-39.93333	175.05000
웰링턴	NZ	-41.28664	174.77557
인버카길	NZ	-46.40000	168.35000
크라이스트처치	NZ	-43.53333	172.63333
타우랑가	NZ	-37.68611	176.16667
타우포	NZ	-38.68333	176.08333
팀아루	NZ	-44.39672	171.25364
파머스턴노스	NZ	-40.35636	175.61113
포리루아	NZ	-41.13333	174.85000
해밀턴	NZ	-37.78333	175.28333
헤이스팅스	NZ	-39.63810	176.84918
화카타네	NZ	-37.95855	176.98545
황아레이	NZ	-35.73167	174.32391
무스카트	OM	23.58413	58.40778
소하르	OM	24.34745	56.70937
수르	OM	22.56667	59.52889
시브	OM	23.67027	58.18911
하사브	OM	26.17993	56.24774
다비드	PA	8.42729	-82.43085
산티아고데베라과스	PA	8.10000	-80.98333
콜론	PA	9.36025	-79.90019
파나마시티	PA	8.99360	-79.51973
리마	PE	-12.04318	-77.02824
모요밤바	PE	-6.03441	-76.97423
모케과	PE	-17.19747	-70.93587
세로데파스코	PE	-10.66577	-76.25309
아레키파	PE	-16.39899	-71.53747
아방카이	PE	-13.63426	-72.88380
아야쿠초	PE	-13.16380	-74.22345
우아누코	PE	-9.92882	-76.23989
우아라스	PE	-9.52614	-77.52869
우아초	PE	-11.11718	-77.60584
우앙카벨리카	PE	-12.78691	-74.97298
우앙카요	PE	-12.06866	-75.21027
이카	PE	-14.07538	-75.73422
이키토스	PE	-3.74814	-73.25290
차차포야스	PE	-6.23169	-77.86903
치클라요	PE	-6.77008	-79.85495
침보테	PE	-9.07508	-78.59373
카야오	PE	-12.05162	-77.13452
카하마르카	PE	-7.16378	-78.50027
쿠스코	PE	-13.53188	-71.96701
타크나	PE	-18.01465	-70.25362
탈라라	PE	-4.57722	-81.27194
툼베스	PE	-3.55592	-80.44258
트루히요	PE	-8.11599	-79.02998
푸노	PE	-15.84003	-70.02198
푸에르토말도나도	PE	-12.58946	-69.19948
푸카이파	PE	-8.37915	-74.55387
피우라	PE	-5.18192	-80.65715
훌리아카	PE	-15.50000	-70.13333
파페에테	PF	-17.53470	-149.56843
다루	PG	-9.07786	143.20893
라에	PG	-6.72333	146.99611
웨와크	PG	-3.54964	143.63229
포트모르즈비	PG	-9.47723	147.15089
나가	PH	13.61917	123.18139
다구판	PH	16.04313	120.33325
다바오	PH	7.07306	125.61278
다스마리냐스	PH	14.32944	120.93667
다피탄	PH	8.65610	123.42270
두마게테	PH	9.30646	123.30769
디폴로그	PH	8.56697	123.33471
라오아그	PH	18.19780	120.59570
라트리니다드	PH	16.45500	120.58750
롬블론	PH	12.57513	122.27081
루세나	PH	13.93139	121.61722
마닐라	PH	14.60420	120.98220
만달루용	PH	14.58320	121.04090
말라이발라이	PH	8.15750	125.12778
말롤로스	PH	14.84430	120.81039
바고	PH	10.53333	122.83333
바기오	PH	16.41639	120.59306
발렌시아	PH	7.90639	125.09417
베이완	PH	9.36490	122.80400
부투안	PH	8.94917	125.54361
비간	PH	17.57472	120.38694
산페르난도	PH	15.03425	120.68445
산페르난도	PH	16.61591	120.31663
산호세델몬테	PH	14.81389	121.04528
삼보앙가	PH	6.91028	122.07389
상파울로	PH	14.06830	121.32560
세부	PH	10.31672	123.89071
수리가오	PH	9.78900	125.49500
앙헬레스	PH	15.15000	120.58333
엘니도	PH	11.18583	119.39556
오로키에타	PH	8.48590	123.80480
오르모크	PH	11.00639	124.60750
올롱가포	PH	14.82917	120.28278
이바	PH	15.32760	119.97800
일리간	PH	8.22890	124.24344
제너럴산토스	PH	6.11278	125.17167
카가얀데오로	PH	8.48222	124.64722
카비테	PH	14.48369	120.89878
칼라판	PH	13.41170	121.18030
칼람바	PH	14.21167	121.16528
칼로칸	PH	14.64953	120.96788
칼리보	PH	11.70860	122.36480
코로나달	PH	6.50306	124.84694
키다파완	PH	7.00833	125.08944
타가이타이	PH	14.09532	120.93355
타굼	PH	7.44750	125.80460
타바코	PH	13.35861	123.73361
타부크	PH	17.47378	121.46799
타클로반	PH	11.24333	125.00472
탈리사이	PH	10.73750	122.96660
파나보	PH	7.30806	125.68417
팔라얀	PH	15.54150	121.08480
푸에르토프린세사	PH	9.73917	118.73528
프로스페리다드	PH	8.58000	125.89639
홀로	PH	6.05222	121.00222
고지라	PK	31.14926	72.68323
과다르	PK	25.12163	62.32541
라왈핀디	PK	33.59733	73.04790
라투데로	PK	27.80227	68.28902
라호르	PK	31.55800	74.35071
물탄	PK	30.19679	71.47824
밍고라	PK	34.77950	72.36265
바하왈	PK	32.26576	72.89809
바화아	PK	31.56884	72.64917
반누	PK	32.98527	70.60403
사르고다	PK	32.08586	72.67418
수쿠르	PK	27.70323	68.85889
시알코트	PK	32.49268	74.53134
와지라바드	PK	32.44324	74.12000
이슬라마바드	PK	33.72148	73.04329
자란왈라	PK	31.33320	73.41868
젤룸	PK	32.93448	73.73102
차만	PK	30.91769	66.45259
치트랄	PK	35.85180	71.78636
카라치	PK	24.86080	67.01040
카후타	PK	33.59183	73.38736
퀘타	PK	30.18414	67.00141
파스니	PK	25.26302	63.46921
페샤와르	PK	34.00800	71.57849
하라파	PK	30.63251	72.87032
하이데라바드	PK	25.39689	68.37718
고주프비엘코폴스키	PL	52.73371	15.22505
그니에즈노	PL	52.53481	17.58259
그단스크	PL	54.35227	18.64912
그디니아	PL	54.51889	18.53188
그루지옹츠	PL	53.48411	18.75366
그워구프	PL	51.66361	16.08450
글리비체	PL	50.29761	18.67658
기지츠코	PL	54.03811	21.76441
노바루다	PL	50.58008	16.50164
노비송치	PL	49.62177	20.69705
니사	PL	50.47379	17.33437
동브로바구르니차	PL	50.33394	19.20479
라돔	PL	51.40253	21.14714
라돔스코	PL	51.06713	19.44477
라치부시	PL	50.09195	18.21928
레그니차	PL	51.21006	16.16190
레슈노	PL	51.84034	16.57494
루다실롱스카	PL	50.25840	18.85632
루블린	PL	51.25058	22.57009
루빈	PL	51.40089	16.20149
리브니크	PL	50.09713	18.54179
마르키	PL	52.32065	21.10474
미스워비체	PL	50.20745	19.16668
미엥지제츠포들라스키	PL	51.98640	22.78248
바도비체	PL	49.88335	19.49292
바르샤바	PL	52.22977	21.01178
바우브지흐	PL	50.77141	16.28432
베우하투프	PL	51.36883	19.35671
벵진	PL	50.32607	19.12565
보워민	PL	52.34006	21.24207
브로츠와프	PL	51.10286	17.03006
브워츠와베크	PL	52.64817	19.06780
비드고슈치	PL	53.12350	18.00762
비아와포들라스카	PL	52.03238	23.11652
비아위스토크	PL	53.13333	23.16433
비엘룬	PL	51.22097	18.56964
비엘리치카	PL	49.98738	20.06473
비엘스코비아와	PL	49.82245	19.04686
비톰	PL	50.34802	18.93282
사노크	PL	49.55573	22.20560
산도미에시	PL	50.68265	21.74898
소포트	PL	54.44180	18.56003
소하체프	PL	52.22944	20.23838
수바우키	PL	54.11175	22.93087
슈체친	PL	53.42894	14.55302
스우비체	PL	52.35088	14.56065
스웁스크	PL	54.46405	17.02872
스키에르니에비체	PL	51.95485	20.15837
스타르가르트슈체친스키	PL	53.33672	15.04990
시비노우이시치에	PL	53.91053	14.24712
시비엥토흐워비체	PL	50.29636	18.91726
시에들체	PL	52.16772	22.29006
시에미아노비체실롱스키에	PL	50.32738	19.02901
야보주노	PL	50.20528	19.27498
엘블롱크	PL	54.15220	19.40884
옐레니아구라	PL	50.89973	15.72899
오스트로웽카	PL	53.08621	21.57566
오시비엥침	PL	50.03437	19.21037
오폴레	PL	50.67119	17.92604
우스트카	PL	54.58048	16.86194
우치	PL	51.77058	19.47395
워비치	PL	52.10714	19.94525
웜자	PL	53.17806	22.05935
웽치나	PL	51.30121	22.88135
자모시치	PL	50.72314	23.25196
자브제	PL	50.32492	18.78576
자코파네	PL	49.29899	19.94885
제슈프	PL	50.04132	21.99901
조리	PL	50.04523	18.70062
즈고젤레츠	PL	51.14942	15.00835
즈기에시	PL	51.85561	19.40623
지비에츠	PL	49.68529	19.19243
지엘로나구라	PL	51.93548	15.50643
쳉스토호바	PL	50.79646	19.12409
치에신	PL	49.75133	18.63213
치에하누프	PL	52.88141	20.61996
카르투지	PL	54.33424	18.19735
카토비체	PL	50.25970	19.02173
칼리시	PL	51.76109	18.09102
켕트신	PL	54.07676	21.37527
코닌	PL	52.22338	18.25121
코샬린	PL	54.19438	16.17222
코워브제크	PL	54.17565	15.58342
크라쿠프	PL	50.06143	19.93658
크로스노	PL	49.68866	21.77058
키엘체	PL	50.87033	20.62752
타르노브제크	PL	50.57304	21.67937
타르노프스키에구리	PL	50.44548	18.86147
타르누프	PL	50.01381	20.98698
토룬	PL	53.01375	18.59814
티히	PL	50.13717	18.96641
포즈난	PL	52.40692	16.92993
폴리체	PL	53.55214	14.57182
프셰미실	PL	49.78498	22.76728
프워츠크	PL	52.54682	19.70638
피에카리실롱스키에	PL	50.38017	18.92653
피오트르쿠프트리부날스키	PL	51.40547	19.70321
피와	PL	53.15145	16.73782
헤움	PL	51.14312	23.47160
호주프	PL	50.30582	18.97420
흐샤누프	PL	50.13546	19.40203
생피에르	PM	46.77914	-56.17730
애덤스타운	PN	-25.06597	-130.10147
마야궤스	PR	18.20107	-67.13962
바야몬	PR	18.39856	-66.15572
샌환	PR	18.46633	-66.10572
트루히요알토	PR	18.35467	-66.00739
폰세	PR	18.01031	-66.62398
가자	PS	31.50161	34.46672
나블루스	PS	32.22111	35.25444
동예루살렘	PS	31.78336	35.23388
라말라	PS	31.89964	35.20422
베들레헴	PS	31.70487	35.20376
예리코	PS	31.86667	35.45000
툴카름	PS	32.31156	35.02690
헤브론	PS	31.52935	35.09380
리스본	PT	38.72509	-9.14980
세투발	PT	38.52440	-8.88820
신트라	PT	38.80097	-9.37826
이스토릴	PT	38.70571	-9.39773
폰타델가다	PT	37.73952	-25.66874
푼샬	PT	32.66568	-16.92547
피게이라다포스	PT	40.15085	-8.86179
응게룰무드	PW	7.50077	134.62380
람바레	PY	-25.34682	-57.60647
비야리카	PY	-25.74946	-56.43518
시우다드델에스테	PY	-25.50360	-54.65067
아순시온	PY	-25.28646	-57.64700
엥카르나시온	PY	-27.33176	-55.86662
카사파	PY	-26.19660	-56.36786
카쿠페	PY	-25.38575	-57.14217
카피아타	PY	-25.35520	-57.44545
코로넬오비에도	PY	-25.44613	-56.43928
페드로후안카바예로	PY	-22.54925	-55.73870
필라르	PY	-26.85874	-58.30639
도하	QA	25.28545	51.53096
알코르	QA	25.68389	51.50583
생드니	RE	-20.88231	55.45040
생뢰	RE	-21.17059	55.28824
갈라치	RO	45.43687	28.05028
데바	RO	45.88333	22.90000
드로베타투르누세베린	RO	44.62693	22.65288
로만	RO	46.92119	26.92646
루고지	RO	45.68861	21.90306
름니쿠블체아	RO	45.10000	24.36667
만갈리아	RO	43.81623	28.57656
메드지디아	RO	44.25000	28.28333
바슬루이	RO	46.63333	27.73333
부저우	RO	45.15000	26.83333
부쿠레슈티	RO	44.43225	26.10626
부프테아	RO	44.56139	25.94889
브라쇼브	RO	45.64861	25.60613
브를라드	RO	46.23175	27.66907
사투마레	RO	47.79926	22.86255
살론타	RO	46.80000	21.65000
수체아바	RO	47.63333	26.25000
슬라티나	RO	44.43333	24.36667
시기쇼아라	RO	46.22141	24.79279
시비우	RO	45.80000	24.15000
알렉산드리아	RO	43.98333	25.33333
알바이울리아	RO	46.06667	23.58333
오라데아	RO	47.04580	21.91833
우르지체니	RO	44.71667	26.63333
이아시	RO	47.16667	27.60000
잘러우	RO	47.20000	23.05000
짐니체아	RO	43.65638	25.36454
칼라파트	RO	43.99069	22.93328
콘스탄차	RO	44.18073	28.63432
크라이오바	RO	44.31667	23.80000
클루지나포카	RO	46.76667	23.60000
투르누머구렐레	RO	43.74690	24.86846
툴체아	RO	45.17870	28.80501
트르구세쿠이에스크	RO	46.00000	26.13333
트르구지우	RO	45.05000	23.28333
티미쇼아라	RO	45.75372	21.22571
네고틴	RS	44.22639	22.53083
노비사드	RS	45.25167	19.83694
노비파자르	RS	43.13667	20.51222
레스코바츠	RS	42.99806	21.94611
로즈니차	RS	44.53118	19.24267
루마	RS	45.00806	19.82222
바치카팔란카	RS	45.24966	19.39664
발레보	RS	44.27513	19.89821
베오그라드	RS	44.80401	20.46513
베체이	RS	45.61632	20.03331
보르	RS	44.07488	22.09591
브라네	RS	42.55139	21.90028
브르바스	RS	45.57139	19.64083
브르샤츠	RS	45.11667	21.30361
샤바츠	RS	44.74667	19.69000
솜보르	RS	45.77417	19.11222
스메데레보	RS	44.66436	20.92763
야고디나	RS	43.97713	21.26121
우지체	RS	43.85861	19.84878
인지야	RS	45.04816	20.08165
자예차르	RS	43.90358	22.26405
제문	RS	44.84580	20.40116
즈레냐닌	RS	45.38361	20.38194
차차크	RS	43.89139	20.34972
크라구예바츠	RS	44.01667	20.91667
크랄레보	RS	43.72583	20.68944
크루셰바츠	RS	43.58000	21.33389
키킨다	RS	45.82972	20.46528
판체보	RS	44.87177	20.64167
포자레바츠	RS	44.62133	21.18782
프로쿠플레	RS	43.23417	21.58806
피로트	RS	43.15306	22.58611
가가린	RU	55.55329	34.99684
가치나	RU	59.57639	30.12833
갈리치	RU	58.37884	42.34633
겔렌지크	RU	44.58014	38.06646
고로데츠	RU	56.65497	43.47269
고르노알타이스크	RU	51.96056	85.91892
골리치노	RU	55.60928	36.98212
구데르메스	RU	43.35082	46.10095
구세프	RU	54.59222	22.19972
굽킨	RU	51.28375	37.53510
그로즈니	RU	43.31195	45.68895
글라조프	RU	58.14000	52.65619
나로포민스크	RU	55.38752	36.73307
나리얀마르	RU	67.63869	53.00371
나베레주니예첼니	RU	55.73718	52.41961
나즈란	RU	43.22597	44.77323
나홋카	RU	42.84360	132.91831
네레흐타	RU	57.45795	40.57169
네륜그리	RU	56.65836	124.72499
네르친스크	RU	51.97981	116.58693
네비노미스크	RU	44.63330	41.94440
넬리도보	RU	56.22761	32.77474
넵테캄스크	RU	56.08879	54.26383
노긴스크	RU	55.86486	38.44853
노릴스크	RU	69.35350	88.20270
노보드빈스크	RU	64.41638	40.81674
노보로시스크	RU	44.73188	37.76176
노보모스콥스크	RU	54.01098	38.29084
노보시비르스크	RU	55.02259	82.93175
노보알타이스크	RU	53.41426	83.94108
노보집코프	RU	52.53711	31.93659
노보체르카스크	RU	47.42220	40.09373
노보체복사르스크	RU	56.11095	47.47755
노보쿠즈네츠크	RU	53.75752	87.13599
누를라트	RU	54.42903	50.80598
니즈네바르톱스크	RU	60.93440	76.55310
니즈네우딘스크	RU	54.90725	99.03396
니즈네캄스크	RU	55.63794	51.81502
니콜라옙스크나아무레	RU	53.14657	140.72287
다닐로프	RU	58.19077	40.17081
다블레카노보	RU	54.21761	55.03064
데돕스크	RU	55.86861	37.12222
데르벤트	RU	42.06622	48.28759
데스노고르스크	RU	54.15077	33.28151
도네츠크	RU	48.33711	39.95229
도모데도보	RU	55.44223	37.75372
두딘카	RU	69.40583	86.17778
두브나	RU	56.74049	37.18648
드미트로프	RU	56.34485	37.52041
디미트로브그라드	RU	54.21386	49.61838
디브노고르스크	RU	55.95700	92.37800
라두즈니	RU	62.09611	77.47500
라멘스코예	RU	55.56341	38.24152
라빈스크	RU	44.63604	40.73570
라킨스크	RU	56.01931	39.94848
랴시스크	RU	53.70588	40.08045
랴잔	RU	54.62696	39.70415
레니노고르스크	RU	54.59710	52.45124
레닌그라드	RU	59.93863	30.31413
레소자보츠크	RU	45.47171	133.39827
렌스크	RU	60.72383	114.93447
로모노소프	RU	59.90612	29.77253
로스토프	RU	57.19081	39.41307
로스토프나도누	RU	47.21997	39.70769
루가	RU	58.73876	29.84756
루호비치	RU	54.97661	39.04440
룹촙스크	RU	51.51473	81.20613
류베르치	RU	55.67719	37.89322
르제프	RU	56.26289	34.32890
리브니	RU	52.42431	37.59956
리빈스크	RU	58.04562	38.83811
리페츠크	RU	52.58760	39.55151
마가단	RU	59.56274	150.80211
마그니토고르스크	RU	53.39808	59.00660
마린스크	RU	56.20978	87.73165
마이코프	RU	44.60789	40.10242
마하치칼라	RU	42.97782	47.50027
만투로보	RU	58.32582	44.75881
말고벡	RU	43.51121	44.59051
말로야로슬라베츠	RU	55.01457	36.47185
메기온	RU	61.03429	76.10683
메즈두레첸스크	RU	53.68993	88.06221
멘젤린스크	RU	55.72792	53.10220
멜렌키	RU	55.33579	41.62747
모스크바	RU	55.75204	37.61781
모자이스크	RU	55.50194	36.02722
모즈도크	RU	43.73976	44.65157
몬체고르스크	RU	67.93972	32.87389
무롬	RU	55.56853	42.02388
무르만스크	RU	68.96778	33.09922
므첸스크	RU	53.27880	36.58047
미네랄니예보디	RU	44.21028	43.13528
미누신스크	RU	53.70117	91.70797
미르니	RU	62.53528	113.96111
미아스	RU	55.04552	60.10756
미추린스크	RU	52.90761	40.48230
미티시	RU	55.91099	37.72964
밀레로보	RU	48.92523	40.39982
바니노	RU	49.09821	140.25207
바라빈스크	RU	55.35072	78.35873
바르나울	RU	53.36199	83.72786
바리시	RU	53.64976	47.12715
바칼	RU	54.94170	58.80830
박산	RU	43.68374	43.53507
발다이	RU	57.97729	33.25153
발라시하	RU	55.79479	37.94794
발라코보	RU	52.02639	47.79671
발라흐나	RU	56.48989	43.60114
발티스크	RU	54.65455	19.90929
베네프	RU	54.35074	38.26304
베레즈니키	RU	59.40910	56.82040
베르츠크	RU	54.75352	83.09624
베르흐냐야피시마	RU	56.97047	60.58219
베슬란	RU	43.19277	44.53274
베제츠크	RU	57.78422	36.70082
벨고로드	RU	50.60343	36.58091
벨라야칼리트바	RU	48.17927	40.77920
벨로고르스크	RU	50.91239	128.51238
벨로레츠크	RU	53.96206	58.39996
벨로보	RU	54.42119	86.29907
벨리키노브고로드	RU	58.52131	31.27104
벨리키예루키	RU	56.34063	30.54377
보고로디츠크	RU	53.77174	38.12305
보고톨	RU	56.20449	89.53317
보로네시	RU	51.66833	39.19204
보로디노	RU	55.90760	94.91180
보로비치	RU	58.39418	33.91864
보르	RU	56.35944	44.07304
보르쿠타	RU	67.50867	64.06670
보리소글렙스크	RU	51.36892	42.09804
보스크레센스크	RU	55.31300	38.69100
복시토고르스크	RU	59.47780	33.85008
볼고그라드	RU	48.71378	44.49760
볼고돈스크	RU	47.51141	42.15269
볼로그다	RU	59.22390	39.88398
볼로콜람스크	RU	56.03361	35.96944
볼호프	RU	59.92335	32.33966
봇킨스크	RU	57.04867	53.98720
부구루슬란	RU	53.65540	52.44200
부이낙스크	RU	42.81802	47.12684
부인스크	RU	54.97422	48.29088
부줄루크	RU	52.77825	52.25854
부투를리놉카	RU	50.82618	40.59800
브라츠크	RU	56.13250	101.61417
브랸스크	RU	53.27096	34.32143
브로니치	RU	55.42112	38.26188
브세볼로시스크	RU	60.01512	30.67314
블라고베셴스크	RU	50.27593	127.52637
블라고베셴스크	RU	55.03520	55.97703
블라디미르	RU	56.13854	40.39976
블라디보스토크	RU	43.10562	131.87353
블라디캅카스	RU	43.04101	44.66986
비로비잔	RU	48.79300	132.92033
비르스크	RU	55.42018	55.54212
비보르크	RU	60.70763	28.75283
비스크	RU	52.53423	85.19661
비킨	RU	46.81293	134.25012
빅사	RU	55.32058	42.17402
빌류친스크	RU	52.93196	158.40585
사라토프	RU	51.54048	45.99010
사란스크	RU	54.18485	45.17166
사로프	RU	54.94802	43.31521
사마라	RU	53.20767	50.13553
사소보	RU	54.35369	41.91986
사포노보	RU	55.11091	33.23728
살레하르트	RU	66.53373	66.60955
샤드린스크	RU	56.08616	63.63816
샤흐티	RU	47.71916	40.21603
세로프	RU	59.59737	60.58608
세르푸호프	RU	54.91980	37.41618
세밀루키	RU	51.68210	39.03020
세베로드빈스크	RU	64.55825	39.82971
세베로모르스크	RU	69.06936	33.40807
세베르스크	RU	56.60056	84.88639
세스트로레츠크	RU	60.09801	29.96378
소르타발라	RU	61.71233	30.70953
소베츠크	RU	55.08392	21.87851
소베츠크	RU	57.58937	48.95525
소빈카	RU	55.99003	40.02052
소치	RU	43.59699	39.72477
소콜	RU	59.46167	40.12056
수르구트	RU	61.25757	73.41775
수히니치	RU	54.09989	35.34254
슈메를랴	RU	55.50050	46.41288
슈야	RU	56.84864	41.38690
스몰렌스크	RU	54.77826	32.05088
스코핀	RU	53.82499	39.55310
스타라야루사	RU	57.99618	31.36003
스타로두프	RU	52.58501	32.76314
스타리오스콜	RU	51.30250	37.84613
스테를리타마크	RU	53.63793	55.95330
스트루니노	RU	56.37328	38.58321
슬라뱐스크나쿠바니	RU	45.25145	38.12129
시바이	RU	52.71793	58.66667
식팁카르	RU	61.66393	50.81630
아그리스	RU	56.52340	52.99431
아기델	RU	55.90867	53.93437
아긴스코예	RU	51.10754	114.54173
아나디리	RU	64.73424	177.51030
아나파	RU	44.89497	37.31623
아라밀	RU	56.69770	60.83690
아르군	RU	43.29289	45.86691
아르돈	RU	43.17888	44.29464
아르마비르	RU	44.99849	41.11472
아르스크	RU	56.09254	49.87819
아르자마스	RU	55.39563	43.83810
아무르스크	RU	50.23221	136.89703
아바칸	RU	53.71540	91.42593
아빈스크	RU	44.87058	38.15759
아스베스트	RU	57.00816	61.46344
아스트라한	RU	46.34968	48.04076
아시노	RU	56.99918	86.15518
아이할	RU	65.93381	111.48340
아조프	RU	47.10690	39.41486
아친스크	RU	56.26792	90.50145
아카뎀고로도크	RU	54.85230	83.10600
아파티티	RU	67.58267	33.41339
아프렐렙카	RU	55.55194	37.08010
안가르스크	RU	52.55968	103.91413
안제로수젠스크	RU	56.07568	86.02434
알단	RU	58.61232	125.40002
알라기르	RU	43.04252	44.22020
알레이스크	RU	52.49631	82.77466
알렉산드로프	RU	56.39733	38.71404
알렉산드롭스크	RU	59.15838	57.57050
알렉신	RU	54.50484	37.06697
압둘리노	RU	53.68581	53.65547
압셰론스크	RU	44.45990	39.73005
앗카르스크	RU	51.88056	45.00609
야로슬라블	RU	57.62987	39.87368
야시키노	RU	55.87377	85.43380
야쿠츠크	RU	62.03114	129.72288
예이스크	RU	46.69263	38.27907
예카테린부르크	RU	56.85733	60.61529
예프레모프	RU	53.13762	38.11856
옐레츠	RU	52.61435	38.50935
옐렉트로고르스크	RU	55.88431	38.78640
옐렉트로스탈	RU	55.78647	38.45713
옐렉트로우글리	RU	55.72445	38.20908
옐리스타	RU	46.30794	44.25537
오딘초보	RU	55.66977	37.27716
오레호보주예보	RU	55.81242	38.99155
오렌부르크	RU	51.76712	55.09883
오룔	RU	52.96879	36.07910
오르스크	RU	51.23206	58.48802
오브닌스크	RU	55.10993	36.61238
오스타시코프	RU	57.14695	33.10659
오스트로프	RU	57.34380	28.35363
옴스크	RU	54.99244	73.36859
요시카르올라	RU	56.63877	47.89078
우글리치	RU	57.52322	38.32258
우다치니	RU	66.42989	112.40210
우루스마르탄	RU	43.13053	45.53791
우수리스크	RU	43.80467	131.95734
우즐로바야	RU	53.98390	38.15984
우파	RU	54.74306	55.96779
우흐타	RU	63.56904	53.69141
울란우데	RU	51.82648	107.59979
울리야놉스크	RU	54.32824	48.38657
유즈노사할린스크	RU	46.95430	142.73559
이르쿠츠크	RU	52.29566	104.29076
이바노보	RU	56.99988	40.97257
이스트라	RU	55.91979	36.86876
이심	RU	56.11254	69.48722
이심바이	RU	53.44769	56.03873
이젭스크	RU	56.85225	53.19862
인타	RU	66.03169	60.16594
자인스크	RU	55.31950	52.06942
제르진스크	RU	56.24422	43.45543
젤레노고르스크	RU	56.10921	94.58698
젤레노그라츠크	RU	54.95893	20.47668
젤레노돌스크	RU	55.84376	48.51784
즈나멘스크	RU	48.58420	45.73380
즈베니고로드	RU	55.73401	36.85918
즐라토우스트	RU	55.17182	59.65471
차파옙스크	RU	52.97710	49.70860
체레포베츠	RU	59.13333	37.90000
체르냐홉스크	RU	54.63345	21.81557
체르노고르스크	RU	53.82878	91.30953
체르케스크	RU	44.22375	42.04624
체복사리	RU	56.13218	47.24600
체호프	RU	55.14552	37.46193
첼랴빈스크	RU	55.16110	61.42877
추도보	RU	59.12225	31.68125
치타	RU	52.04311	113.49171
카나시	RU	55.50962	47.49127
카라바노보	RU	56.31081	38.70253
카라불라크	RU	43.30513	44.89949
카미신	RU	50.08850	45.41277
카스피스크	RU	42.88165	47.63919
카시라	RU	54.84763	38.18214
카시모프	RU	54.94377	41.40341
카신	RU	57.35918	37.60806
카잔	RU	55.78874	49.12214
칸달락샤	RU	67.15123	32.41284
칸스크	RU	56.20218	95.71848
칼라치나도누	RU	48.69099	43.52638
칼라친스크	RU	55.05220	74.57870
칼루가	RU	54.53063	36.27000
칼리닌그라드	RU	54.70639	20.51102
케메로보	RU	55.35417	86.10435
코나코보	RU	56.70153	36.77305
코롤료프	RU	55.91417	37.82556
코르사코프	RU	46.63406	142.78288
코브로프	RU	56.35752	41.31893
코스토묵샤	RU	64.57100	30.57667
코스트로마	RU	57.76638	40.92828
코틀라스	RU	61.25663	46.65370
콘도포가	RU	62.20406	34.26932
콜롬나	RU	55.07108	38.78399
콜피노	RU	59.75069	30.58856
콤소몰스크나아무레	RU	50.55034	137.00995
쿠딤카르	RU	59.01516	54.65319
쿠르간	RU	55.44905	65.34344
쿠르스크	RU	51.72689	36.18457
쿠르타미시	RU	54.90973	64.43190
쿠시바	RU	58.28731	59.74751
쿠이비셰프	RU	55.44783	78.31907
쿤구르	RU	57.41435	56.97157
크라스노고르스크	RU	55.81904	37.32984
크라스노다르	RU	45.04534	38.98178
크라스노아르메이스크	RU	51.02349	45.69665
크라스노아르메이스크	RU	56.10000	38.13333
크라스노야르스크	RU	56.03742	92.93136
크라스노즈나멘스크	RU	55.59525	37.05235
크론시타트	RU	59.99200	29.77616
크림스크	RU	44.92625	37.99025
크스토보	RU	56.14750	44.19865
클린	RU	56.33169	36.72920
클린치	RU	52.76033	32.23905
키네슈마	RU	57.43665	42.12766
키레옙스크	RU	53.92970	37.92148
키로보체페츠크	RU	58.55091	50.03100
키로브그라드	RU	57.43134	60.06172
키로프	RU	54.06889	34.29891
키로프	RU	58.59809	49.65783
키롭스크	RU	59.88002	30.99549
키롭스크	RU	67.61475	33.67274
키르자치	RU	56.15273	38.85509
키리시	RU	59.47417	32.04007
키몹스크	RU	53.97312	38.53502
키슬로보츠크	RU	43.91333	42.72083
키즐랴르	RU	43.84686	46.70977
키질	RU	51.71108	94.43776
킨기세프	RU	59.37627	28.61409
킴리	RU	56.87456	37.35957
타간로크	RU	47.23627	38.90530
타이셰트	RU	55.93276	97.98964
탐보프	RU	52.73632	41.44102
토르조크	RU	57.04360	34.96221
톨리야티	RU	53.53030	49.34610
톰스크	RU	56.50049	84.98216
투압세	RU	44.10083	39.08326
툴라	RU	54.19609	37.61822
튜멘	RU	57.15222	65.52722
트베리	RU	56.85836	35.90057
티흐빈	RU	59.63924	33.52555
틴다	RU	55.14941	124.73676
파르티잔스크	RU	43.11992	133.12316
파블로보	RU	55.96860	43.09120
파블롭스크	RU	50.45434	40.12371
파블롭스크	RU	59.68333	30.43472
퍄티고르스크	RU	44.05000	43.05036
페름	RU	58.01046	56.25017
페스토보	RU	58.59382	35.80244
페초라	RU	65.14717	57.22439
페테르고프	RU	59.88333	29.90000
페투시키	RU	55.92721	39.46072
페트로자보츠크	RU	61.78491	34.34691
페트로파블롭스크캄차츠키	RU	53.06393	158.62751
펜자	RU	53.19568	45.01075
포크로프	RU	55.91797	39.17242
포키노	RU	42.97096	132.41035
푸르마노프	RU	57.25417	41.11122
푸시치노	RU	54.83373	37.61138
프스코프	RU	57.81922	28.33181
플랍스크	RU	53.70840	37.29457
하바롭스크	RU	48.46204	135.09710
한티만시스크	RU	61.00187	69.02728
힘키	RU	55.90010	37.42848
기세니	RW	-1.70278	29.25639
기타라마	RW	-2.07444	29.75667
키갈리	RW	-1.94995	30.05885
다란	SA	26.28864	50.11396
담맘	SA	26.43442	50.10326
리야드	SA	24.68773	46.72185
메디나	SA	24.46861	39.61417
메카	SA	21.42664	39.82563
바하	SA	20.01288	41.46767
사카카	SA	29.96974	40.20641
아브카이크	SA	25.93402	49.66880
아브하	SA	18.21639	42.50528
제다	SA	21.49012	39.18624
코바르	SA	26.27944	50.20833
타부크	SA	28.39980	36.57151
타이프	SA	21.27028	40.41583
하미스무샤이트	SA	18.30000	42.73333
호니아라	SB	-9.43333	159.95000
빅토리아	SC	-4.62001	55.45501
니알라	SD	12.04888	24.88069
동골라	SD	19.18163	30.47689
셴디	SD	16.69150	33.43410
수아킨	SD	19.10590	37.33210
아비에이	SD	9.59525	28.43493
옴두르만	SD	15.64453	32.47773
와디할파	SD	21.79577	31.37129
카살라	SD	15.45099	36.39998
포트수단	SD	19.61745	37.21644
하르툼	SD	15.55177	32.53241
노르셰핑	SE	58.59419	16.18260
뉘셰핑	SE	58.75300	17.00788
란스크로나	SE	55.87080	12.83016
룬드	SE	55.70584	13.19321
룰레오	SE	65.58415	22.15465
린셰핑	SE	58.41086	15.62157
묄른뤼케	SE	57.65893	12.11792
바르베리	SE	57.10557	12.25078
베스테로스	SE	59.61617	16.55276
벡셰	SE	56.87767	14.80906
보로스	SE	57.72101	12.94010
볼렝에	SE	60.48580	15.43714
비스뷔	SE	57.64089	18.29602
산드비켄	SE	60.61667	16.76667
셰브데	SE	58.39118	13.84506
셸레프테오	SE	64.75067	20.95279
쇠데르텔리에	SE	59.19554	17.62525
순스발	SE	62.39129	17.30630
스톡홀름	SE	59.32938	18.06871
에스킬스투나	SE	59.36661	16.50770
에슬뢰브	SE	55.83928	13.30393
예블레	SE	60.67452	17.14174
예테보리	SE	57.70716	11.96679
옌셰핑	SE	57.78145	14.15618
외레브로	SE	59.27412	15.20660
외른셸스비크	SE	63.29091	18.71525
외스테르순드	SE	63.17920	14.63566
우데발라	SE	58.34784	11.94240
우메오	SE	63.82842	20.25972
웁살라	SE	59.85882	17.63889
위스타드	SE	55.42966	13.82041
카트리네홀름	SE	58.99587	16.20721
칼마르	SE	56.66157	16.36163
칼스코가	SE	59.32667	14.52386
칼스크로나	SE	56.16156	15.58661
칼스타드	SE	59.37930	13.50357
쿤갤프	SE	57.87096	11.98054
쿰라	SE	59.12770	15.14341
크리스티안스타드	SE	56.03129	14.15242
키루나	SE	67.85572	20.22513
툼바	SE	59.19858	17.83317
트렐레보리	SE	55.37514	13.15691
트롤헤탄	SE	58.28365	12.28864
팔룬	SE	60.60357	15.62597
팔켄베리	SE	56.90552	12.49118
할름스타드	SE	56.67446	12.85676
헤르뇌산드	SE	62.63228	17.93794
헤슬레홀름	SE	56.15905	13.76638
헬싱보리	SE	56.04673	12.69437
후딕스발	SE	61.72744	17.10558
싱가폴	SG	1.28967	103.85007
제임스타운	SH	-15.92488	-5.71816
노보메스토	SI	45.80397	15.16886
류블랴나	SI	46.05108	14.50513
벨레녜	SI	46.35719	15.11277
첼레	SI	46.23092	15.26044
롱이어비엔	SJ	78.22334	15.64689
니트라	SK	48.30763	18.08453
돌니쿠빈	SK	49.20983	19.30341
두나이스카스트레다	SK	47.99268	17.61211
두브니차나트바홈	SK	48.95981	18.16634
루좀베로크	SK	49.07480	19.30751
마르틴	SK	49.06651	18.92399
미할로프체	SK	48.75434	21.91950
바르데요프	SK	49.29175	21.27271
반스카비스트리차	SK	48.73947	19.14932
브라티슬라바	SK	48.14816	17.10674
세네츠	SK	48.21951	17.40043
세니차	SK	48.67922	17.36697
질리나	SK	49.22315	18.73941
케주마로크	SK	49.13571	20.43352
코마르노	SK	47.76356	18.12263
코시체	SK	48.71441	21.25802
트레비쇼프	SK	48.62858	21.71954
트르나바	SK	48.37773	17.58603
포바슈스카비스트리차	SK	49.12153	18.42169
푸호프	SK	49.12494	18.32597
프리에비드자	SK	48.77446	18.62750
피에슈타니	SK	48.59479	17.82591
마케니	SL	8.88605	-12.04417
워털루	SL	8.33890	-13.07091
케네마	SL	7.87687	-11.19025
코이두	SL	8.64387	-10.97140
프리타운	SL	8.48714	-13.23560
산마리노	SM	43.93667	12.44639
다카르	SN	14.69370	-17.44406
디우르벨	SN	14.64792	-16.24363
뤼피스크	SN	14.71542	-17.27334
생루이	SN	16.01793	-16.48962
지긴쇼르	SN	12.56801	-16.27326
탐바쿤다	SN	13.77073	-13.66734
투바	SN	14.86229	-15.87532
가로웨	SO	8.40207	48.48284
갈카요	SO	6.76972	47.43083
모가디슈	SO	2.03711	45.34375
바이다보	SO	3.11383	43.64980
베르베라	SO	10.43959	45.01432
벨레드웨이네	SO	4.73583	45.20361
보라마	SO	9.93611	43.18278
보사소	SO	11.28421	49.18158
제일라	SO	11.35390	43.47310
파라마리보	SR	5.86638	-55.16682
룸베크	SS	6.80619	29.67742
리어	SS	8.30306	30.14056
말라칼	SS	9.53342	31.66049
보르	SS	6.20889	31.55861
와우	SS	7.70111	27.98972
주바	SS	4.85165	31.58247
톤즈	SS	7.27389	28.67750
상투메	ST	0.33756	6.72990
산살바도르	SV	13.68935	-89.18718
산타아나	SV	13.98827	-89.55685
산타테클라	SV	13.67741	-89.28335
손소나테	SV	13.71726	-89.72304
우술루탄	SV	13.34467	-88.43994
찰라테낭고	SV	14.04138	-88.93951
필립스뷔르흐	SX	18.02600	-63.04582
다마스쿠스	SY	33.51020	36.29128
데이르에조르	SY	35.33588	40.14084
라타키아	SY	35.53125	35.79088
수와이다	SY	32.70896	36.56951
알레포	SY	36.20124	37.16117
이들리브	SY	35.93062	36.63393
홈스	SY	34.72405	36.72559
로밤바	SZ	-26.46667	31.20000
만지니	SZ	-26.49884	31.38004
음바바네	SZ	-26.31667	31.13333
코번타운	TC	21.46122	-71.14188
모이살사	TD	8.34040	17.76630
문두	TD	8.57437	16.07722
아베셰	TD	13.82916	20.83240
은자메나	TD	12.10672	15.04440
포르토프랑셰	TF	-49.34916	70.21937
니암투구	TG	9.76806	1.10528
다파옹	TG	10.86225	0.20762
로메	TG	6.12874	1.22154
소코데	TG	8.98333	1.13333
아네호	TG	6.22798	1.59190
아타크파메	TG	7.53333	1.13333
체비에	TG	6.42611	1.21333
깐짜나부리	TH	14.00412	99.54832
끄라비	TH	8.07257	98.91052
나콘랏차시마	TH	14.97066	102.10196
나콘빠톰	TH	13.81960	100.04427
나콘사완	TH	15.70472	100.13717
나콘시탐마랏	TH	8.43333	99.96667
농카이	TH	17.87847	102.74200
라용	TH	12.68095	101.25798
람빵	TH	18.29232	99.49277
방콕	TH	13.75398	100.50144
부리람	TH	14.99433	103.10392
빠툼타니	TH	14.01346	100.53049
송클라	TH	7.19882	100.59510
수랏타니	TH	9.14011	99.33311
수코타이	TH	17.00778	99.82300
우돈타니	TH	17.41567	102.78589
우따라딧	TH	17.62557	100.09421
우본랏차타니	TH	15.23844	104.84866
짠타부리	TH	12.60961	102.10447
춤폰	TH	10.49570	99.17971
치앙라이	TH	19.90858	99.83250
치앙마이	TH	18.79038	98.98468
콘깬	TH	16.44671	102.83300
파타야	TH	12.93333	100.88333
푸껫	TH	7.89059	98.39810
핏사눌록	TH	16.82481	100.25858
핫야이	TH	7.00836	100.47668
후아힌	TH	12.57065	99.95876
두샨베	TJ	38.53575	68.77905
이스트라브샨	TJ	39.91420	69.00328
이스파라	TJ	40.12649	70.62526
코니보돔	TJ	40.29414	70.43122
투르순조다	TJ	38.51271	68.23163
판자켄트	TJ	39.49524	67.60931
딜리	TL	-8.55861	125.57361
로스팔로스	TL	-8.52167	126.99833
말리아나	TL	-8.99167	125.21972
바우카우	TL	-8.47572	126.45633
다쇼구즈	TM	41.83625	59.96661
마리	TM	37.59378	61.83031
발카나바트	TM	39.51075	54.36713
아슈하바트	TM	37.95000	58.38333
아타무라트	TM	37.84079	65.20639
코네우르겐치	TM	42.32613	59.15307
투르크메나바트	TM	39.07328	63.57861
투르크멘바시	TM	40.02216	52.95517
가베스	TN	33.88146	10.09820
가프사	TN	34.42500	8.78417
라굴레트	TN	36.81919	10.30646
라데스	TN	36.76946	10.27468
마누바	TN	36.81006	10.09557
마디아	TN	35.50472	11.06222
메드닌	TN	33.35495	10.50548
모나스티르	TN	35.77799	10.82617
베자	TN	36.72564	9.18169
벤아루스	TN	36.75452	10.22167
비제르테	TN	37.27442	9.87391
수스	TN	35.82539	10.63699
스팍스	TN	34.74056	10.76028
시디부지드	TN	35.03823	9.48494
아리아나	TN	36.86012	10.19337
자구완	TN	36.40291	10.14292
자르지스	TN	33.50398	11.11215
카세린	TN	35.16758	8.83651
카이르완	TN	35.67810	10.09633
타바르카	TN	36.95442	8.75801
타타우인	TN	32.92967	10.45177
토죄르	TN	33.91968	8.13352
튀니스	TN	36.81897	10.16579
함마메트	TN	36.40000	10.61667
누쿠알로파	TO	-21.13683	-175.20114
가지안테프	TR	37.05944	37.38250
겔리볼루	TR	40.40836	26.67174
기레순	TR	40.91698	38.38741
네브셰히르	TR	38.62500	34.71222
니데	TR	37.96583	34.67935
데니즐리	TR	37.77417	29.08750
디야르바키르	TR	37.91363	40.21721
리제	TR	41.02083	40.52194
마르딘	TR	37.31309	40.74357
마르마리스	TR	36.85500	28.27417
말라티아	TR	38.35018	38.31667
무슈	TR	38.73163	41.48482
물라	TR	37.21807	28.36650
바르틴	TR	41.63583	32.33750
바이부르트	TR	40.25631	40.22289
바트만	TR	37.88738	41.13221
발리케시르	TR	39.64917	27.88611
베이파자르	TR	40.16750	31.92111
보드룸	TR	37.03833	27.42917
볼루	TR	40.73583	31.60611
부르두르	TR	37.72028	30.29083
부르사	TR	40.19559	29.06013
비잔티움	TR	41.01384	28.94966
비틀리스	TR	38.40115	42.10784
빌레지크	TR	40.14192	29.97932
사프란볼루	TR	41.25083	32.69417
삼순	TR	41.27976	36.33610
셀추크	TR	37.95137	27.36849
소마	TR	39.18554	27.60945
시노프	TR	42.02683	35.16253
시바스	TR	39.74833	37.01611
시이르트	TR	37.92930	41.94134
아다나	TR	36.98615	35.32531
아다파자리	TR	40.78056	30.40333
아디야만	TR	37.76441	38.27629
아르다한	TR	41.10871	42.70222
아르트빈	TR	41.18161	41.82172
아리	TR	39.71467	43.04015
아마시아	TR	40.65333	35.83306
아이딘	TR	37.84501	27.83963
아크히사르	TR	38.91852	27.84006
아피온카라히사르	TR	38.75667	30.54333
악사라이	TR	38.37255	34.02537
안탈리아	TR	36.90812	30.69556
알라니아	TR	36.54375	31.99982
앙카라	TR	39.91987	32.85427
얄로바	TR	40.65501	29.27693
에디르네	TR	41.67719	26.55597
에르주룸	TR	39.90861	41.27694
에르진잔	TR	39.73919	39.49015
에스키셰히르	TR	39.77667	30.52056
엘라지	TR	38.67431	39.22321
오스마니예	TR	37.07417	36.24778
요즈가트	TR	39.82000	34.80444
우샤크	TR	38.67351	29.40580
이디르	TR	39.92371	44.04500
이스켄데룬	TR	36.58718	36.17347
이스파르타	TR	37.76444	30.55222
제이한	TR	37.02472	35.81750
종굴다크	TR	41.45139	31.79305
차나칼레	TR	40.15552	26.41271
초룸	TR	40.54889	34.95333
카라만	TR	37.18111	33.21500
카라만마라슈	TR	37.58470	36.92641
카라뷔크	TR	41.20488	32.62768
카르스	TR	40.59825	43.08548
카스타모누	TR	41.37805	33.77528
카이세리	TR	38.73222	35.48528
코니아	TR	37.87135	32.48464
쿠샤다스	TR	37.86014	27.25713
퀴타히아	TR	39.42417	29.98333
키르셰히르	TR	39.14583	34.16389
키르클라렐리	TR	41.73508	27.22521
키리칼레	TR	39.84528	33.50639
킬리스	TR	36.71611	37.11500
타르수스	TR	36.91766	34.89277
테키르다	TR	40.97810	27.51101
토카트	TR	40.31389	36.55444
툰젤리	TR	39.09921	39.54351
트라브존	TR	41.00500	39.72694
페티예	TR	36.64038	29.12758
포트오브스페인	TT	10.66668	-61.51889
푸나푸티	TV	-8.52425	179.19417
시즈구	TW	25.06615	121.65985
신베이시	TW	25.06199	121.45703
싼샤구	TW	24.93448	121.37139
우펑구	TW	24.06370	120.69800
잉거구	TW	24.95608	121.35070
타오위안시	TW	24.99368	121.29696
타이베이	TW	25.05306	121.52639
푸리진	TW	23.96639	120.96952
다르에스살람	TZ	-6.82349	39.26951
도도마	TZ	-6.17221	35.73947
린디	TZ	-9.99709	39.71649
모로고로	TZ	-6.82102	37.66122
모시	TZ	-3.35000	37.33333
무소마	TZ	-1.50000	33.80000
므베야	TZ	-8.90000	33.45000
므완자	TZ	-2.51667	32.90000
므트와라	TZ	-10.26667	40.18333
바가모요	TZ	-6.44222	38.90422
바바티	TZ	-4.21667	35.75000
부코바	TZ	-1.33167	31.81222
송게아	TZ	-10.68333	35.65000
숨바왕가	TZ	-7.96667	31.61667
시니앙가	TZ	-3.66393	33.42118
이링가	TZ	-7.76667	35.70000
잔지바르시티	TZ	-6.16394	39.19793
키고마	TZ	-4.87694	29.62667
타보라	TZ	-5.01622	32.82663
탕가	TZ	-5.06893	39.09875
노바카호우카	UA	46.75966	33.35591
노우호로드시베르스키	UA	52.00684	33.26340
도네츠크	UA	48.02300	37.80224
드니프로페트로우시크	UA	48.46664	35.04066
롬니	UA	50.74025	33.49520
루한시크	UA	48.56814	39.30553
리비브	UA	49.83826	24.02324
리우네	UA	50.62036	26.23695
마리우폴	UA	47.09514	37.54131
멜리토폴	UA	46.84735	35.38196
바르	UA	49.07362	27.67404
바흐무트	UA	48.59419	37.99886
바흐치사라이	UA	44.75525	33.85782
발라클라바	UA	44.51118	33.59942
발라클리야	UA	49.45595	36.84433
베레호베	UA	48.20514	22.64453
베르디치우	UA	49.89421	28.58236
볼흐라드	UA	45.67786	28.61811
브로디	UA	50.08854	25.14606
브로바리	UA	50.51097	30.79106
빈니차	UA	49.23220	28.46871
빌라체르크바	UA	49.79940	30.11650
빌호로드드니스트로우스키	UA	46.19484	30.34827
세바스토폴	UA	44.60795	33.52134
수미	UA	50.91741	34.79906
슬로비얀시크	UA	48.84974	37.59739
심페로폴	UA	44.95719	34.11079
알루슈타	UA	44.67728	34.40970
얄타	UA	44.50218	34.16624
오데사	UA	46.48572	30.74383
오우루치	UA	51.32740	28.80165
우만	UA	48.75010	30.21944
우주호로드	UA	48.62420	22.29470
이즈마일	UA	45.35058	28.83751
졸로치우	UA	49.80740	24.90376
지토미르	UA	50.26235	28.67913
체르니우치	UA	48.29045	25.93241
체르니히우	UA	51.50541	31.28656
체르카시	UA	49.44452	32.05738
카니우	UA	49.75187	31.47003
카리프	UA	49.98177	36.25475
케르치	UA	45.35675	36.47542
코로스텐	UA	50.95120	28.63859
콤소몰시크	UA	49.00835	33.62926
크라마토르스크	UA	48.73106	37.56779
크레멘추크	UA	49.06253	33.40484
크리비리흐	UA	47.90572	33.39404
키로보흐라드	UA	48.50834	32.26618
키예프	UA	50.45466	30.52380
트루스카베츠	UA	49.28067	23.50365
파블로흐라드	UA	48.53214	35.86878
페오도시야	UA	45.03199	35.38153
폴타바	UA	49.58925	34.55367
헤르손	UA	46.63695	32.61458
호를리우카	UA	48.29986	38.01709
흘루히우	UA	51.67982	33.91682
굴루	UG	2.77457	32.29899
아루아	UG	3.02013	30.91105
엔테베	UG	0.05621	32.47949
음바라라	UG	-0.60467	30.64851
진자	UG	0.43902	33.20317
캄팔라	UG	0.31628	32.58219
토로로	UG	0.69299	34.18085
포트포털	UG	0.66174	30.27480
가데나	US	33.88835	-118.30896
가든그로브	US	33.77391	-117.94145
가든시티	US	42.32559	-83.33104
가필드	US	40.88149	-74.11320
갈랜드	US	32.91262	-96.63888
개스토니아	US	35.26208	-81.18730
개즈던	US	34.01434	-86.00639
갤버스턴	US	29.30135	-94.79770
게리	US	41.59337	-87.34643
게이더스버그	US	39.14344	-77.20137
게인즈빌	US	29.65163	-82.32483
게인즈빌	US	33.62594	-97.13335
게인즈빌	US	34.29788	-83.82407
골든밸리	US	45.00969	-93.34912
그랜드래피즈	US	42.96336	-85.66809
그랜드아일랜드	US	40.92501	-98.34201
그랜드포크스	US	47.92526	-97.03285
그랜드프레리	US	32.74596	-96.99778
그랜츠패스	US	42.43933	-123.33067
그레셤	US	45.49818	-122.43148
그레이트벤드	US	38.36446	-98.76481
그레이프바인	US	32.93429	-97.07807
그린베이	US	44.51916	-88.01983
그린빌	US	34.85262	-82.39401
그린즈버러	US	36.07264	-79.79198
글렌데일	US	33.53865	-112.18599
글렌데일	US	34.14251	-118.25508
길버트	US	33.35283	-111.78903
나이아가라폴스	US	43.09450	-79.05671
나티크	US	42.28343	-71.34950
나파	US	38.29714	-122.28553
내셔널시티	US	32.67811	-117.09920
내슈빌	US	36.16589	-86.78444
내슈아	US	42.76537	-71.46757
네이퍼빌	US	41.78586	-88.14729
노리스타운	US	40.12150	-75.33990
노리치	US	41.52426	-72.07591
노먼	US	35.22257	-97.43948
노바이	US	42.48059	-83.47549
노스라스베이거스	US	36.19886	-115.11750
노스리틀록	US	34.76954	-92.26709
노스마이애미	US	25.89009	-80.18671
노스캔턴	US	40.87589	-81.40234
노스포트	US	33.22901	-87.57723
노스플랫	US	41.12389	-100.76542
노스할리우드	US	34.17223	-118.37897
노워크	US	33.90224	-118.08173
노워크	US	41.11760	-73.40790
노워크	US	41.24255	-82.61573
노퍽	US	36.84681	-76.28522
노퍽	US	42.02834	-97.41700
녹스빌	US	35.96064	-83.92074
뉴넌	US	33.38067	-84.79966
뉴런던	US	41.35565	-72.09952
뉴로셸	US	40.91149	-73.78235
뉴버그	US	41.50343	-74.01042
뉴버리포트	US	42.81259	-70.87728
뉴베드퍼드	US	41.63526	-70.92701
뉴브런즈윅	US	40.48622	-74.45182
뉴브리튼	US	41.66121	-72.77954
뉴어크	US	37.52966	-122.04024
뉴어크	US	39.68372	-75.74966
뉴어크	US	40.73566	-74.17237
뉴올리언스	US	29.95465	-90.07507
뉴욕	US	40.71427	-74.00597
뉴캐슬	US	39.92894	-85.37025
뉴캐슬	US	41.00367	-80.34701
뉴턴	US	42.33704	-71.20922
뉴포트	US	41.49010	-71.31283
뉴헤이번	US	41.30815	-72.92816
다우니	US	33.94001	-118.13257
달라스	US	32.78306	-96.80667
대리엔	US	41.07871	-73.46929
대븐포트	US	41.52364	-90.57764
댄버스	US	42.57509	-70.93005
댄베리	US	41.39482	-73.45401
댄빌	US	36.58597	-79.39502
댄빌	US	37.64563	-84.77217
댄빌	US	37.82159	-121.99996
댄빌	US	40.12448	-87.63002
더럼	US	35.99403	-78.89862
더블린	US	37.70215	-121.93579
더블린	US	40.09923	-83.11408
던우디	US	33.94621	-84.33465
덜루스	US	34.00288	-84.14464
덜루스	US	46.78327	-92.10658
덩컨빌	US	32.65180	-96.90834
데덤	US	42.24177	-71.16616
데리	US	42.88064	-71.32729
데스플레인스	US	42.03336	-87.88340
데이나포인트	US	33.46697	-117.69811
데이니아비치	US	26.05231	-80.14393
데이비스	US	38.54491	-121.74052
데이턴	US	39.75895	-84.19161
데이토나비치	US	29.21081	-81.02283
데일리시티	US	37.70577	-122.46192
덴버	US	39.73915	-104.98470
덴턴	US	33.21484	-97.13307
도나	US	26.17035	-98.05195
도버	US	39.15817	-75.52437
도선	US	31.22323	-85.39049
도지시티	US	37.75280	-100.01708
돌턴	US	34.76980	-84.97022
드레이퍼	US	40.52467	-111.86382
디모인	US	41.60054	-93.60911
디어본	US	42.32226	-83.17631
디캘브	US	41.92947	-88.75036
디케이터	US	33.77483	-84.29631
디케이터	US	34.60593	-86.98334
디케이터	US	39.84031	-88.95480
디킨슨	US	29.46079	-95.05132
디킨슨	US	46.87918	-102.78962
디트로이트	US	42.33143	-83.04575
라고	US	27.90979	-82.78842
라모나	US	33.04171	-116.86808
라미라다	US	33.91724	-118.01201
라스베가스	US	36.17497	-115.13722
라스크루시스	US	32.31232	-106.77834
라운드록	US	30.50826	-97.67890
라이	US	40.98065	-73.68374
라이마	US	40.74255	-84.10523
라카냐다플린트리지	US	34.19917	-118.18785
라페이엣	US	37.88576	-122.11802
라페이엣	US	39.99360	-105.08971
라피엣	US	30.22409	-92.01984
라피엣	US	40.41670	-86.87529
라호이아	US	32.84727	-117.27420
래러미	US	41.31137	-105.59110
래피드시티	US	44.08054	-103.23101
랜싱	US	42.73253	-84.55553
랜초미라지	US	33.73974	-116.41279
랜초쿠카몽가	US	34.10640	-117.59311
랭커스터	US	40.03788	-76.30551
러구나비치	US	33.54225	-117.78311
러레이도	US	27.50641	-99.50754
러벅	US	33.57786	-101.85517
러브랜드	US	40.39776	-105.07498
러셀빌	US	35.27842	-93.13379
러신	US	42.72613	-87.78285
레드먼드	US	47.67399	-122.12151
레드우드시티	US	37.48522	-122.23635
레드윙	US	44.56247	-92.53380
레들랜즈	US	34.05557	-117.18254
레딩	US	40.33565	-75.92687
레딩	US	40.58654	-122.39168
레몬그로브	US	32.74255	-117.03142
레버넌	US	36.20811	-86.29110
레버넌	US	39.43534	-84.20299
레버넌	US	40.34093	-76.41135
레버넌	US	44.53651	-122.90703
레번워스	US	39.31111	-94.92246
레이크스티븐스	US	48.01510	-122.06374
레이크우드	US	33.85363	-118.13396
레이크우드	US	39.70471	-105.08137
레이크우드	US	41.48199	-81.79819
레이크우드	US	47.17176	-122.51846
레이크찰스	US	30.21309	-93.20440
레이크포리스트	US	33.64697	-117.68922
레이크포리스트	US	42.25863	-87.84063
레이크해버수시티	US	34.48390	-114.32245
레이클랜드	US	28.03947	-81.94980
레이턴	US	41.06022	-111.97105
렉싱턴	US	37.98869	-84.47772
렉싱턴	US	42.44732	-71.22450
렌턴	US	47.48288	-122.21707
로건즈포트	US	40.75448	-86.35667
로디	US	38.13020	-121.27245
로럴	US	31.69405	-89.13061
로럴	US	39.09928	-76.84831
로렌스	US	38.97167	-95.23525
로렌스	US	42.70704	-71.16311
로마린다	US	34.04835	-117.26115
로스루너스	US	34.80617	-106.73336
로스배노스	US	37.05828	-120.84992
로스앨토스	US	37.38522	-122.11413
로어노크	US	37.27097	-79.94143
로어노크래피즈	US	36.46154	-77.65415
로열오크	US	42.48948	-83.14465
로웰	US	42.63342	-71.31617
로저스	US	36.33202	-94.11854
로즈버그	US	43.21650	-123.34174
로즈빌	US	38.75212	-121.28801
로즈빌	US	42.49726	-82.93714
로즈빌	US	45.00608	-93.15661
로즈웰	US	33.39437	-104.52491
로즈웰	US	34.02316	-84.36159
로체스터	US	43.15478	-77.61556
로체스터	US	43.30453	-70.97562
로체스터	US	44.02163	-92.46990
로턴	US	34.60869	-98.39033
로턴	US	38.70428	-77.22776
록빌	US	39.08400	-77.15276
록퍼드	US	42.27113	-89.09400
록포트	US	43.17061	-78.69031
롤리	US	35.77210	-78.63861
롬포크	US	34.63915	-120.45794
롱먼트	US	40.16721	-105.10193
롱뷰	US	32.50070	-94.74049
롱비치	US	33.76696	-118.18923
롱비치	US	40.58844	-73.65791
롱아일랜드시티	US	40.74482	-73.94875
루이빌	US	38.25424	-85.75941
루이스빌	US	33.04623	-96.99417
리노	US	39.52963	-119.81380
리돈도비치	US	33.84918	-118.38841
리버모어	US	37.68187	-121.76801
리버사이드	US	33.95335	-117.39616
리보니아	US	42.36837	-83.35271
리비어	US	42.40843	-71.01199
리앨토	US	34.10640	-117.37032
리지크레스트	US	35.62246	-117.67090
리처드슨	US	32.94818	-96.72972
리치랜드	US	46.28569	-119.28446
리치먼드	US	37.55376	-77.46026
리치먼드	US	37.74786	-84.29465
리치먼드	US	37.93576	-122.34775
리치먼드	US	39.82894	-84.89024
리틀록	US	34.74648	-92.28959
리틀턴	US	39.61332	-105.01665
린우드	US	33.93029	-118.21146
린우드	US	47.82093	-122.31513
린치버그	US	37.41375	-79.14225
링컨	US	40.80000	-96.66696
마블헤드	US	42.50010	-70.85783
마셜	US	32.54487	-94.36742
마셜타운	US	42.04943	-92.90798
마실론	US	40.79672	-81.52151
마운트버넌	US	40.91260	-73.83708
마운트버넌	US	48.42122	-122.33405
마운틴뷰	US	37.38605	-122.08385
마이놋	US	48.23251	-101.29627
마이애미	US	25.77427	-80.19366
마이애미가든스	US	25.94204	-80.24560
마이애미비치	US	25.79065	-80.13005
마켓	US	46.54354	-87.39542
마틴즈버그	US	39.45621	-77.96389
말버러	US	42.34593	-71.55229
매디슨	US	43.07305	-89.40123
매리에타	US	33.95260	-84.54993
매캘런	US	26.20341	-98.23001
매클레인	US	38.93428	-77.17748
매키니	US	33.19762	-96.61527
맥민빌	US	45.21012	-123.19872
맨스필드	US	40.75839	-82.51545
맨스필드	US	42.03343	-71.21894
맨체스터	US	42.99564	-71.45479
맨해튼	US	39.18361	-96.57167
맨해튼	US	40.78343	-73.96625
맨해튼비치	US	33.88474	-118.41091
머데스토	US	37.63910	-120.99688
머리	US	36.61033	-88.31476
머리디언	US	32.36431	-88.70366
머리디언	US	43.61211	-116.39151
머세드	US	37.30216	-120.48297
머슈언	US	42.72620	-71.19089
머스코지	US	35.74788	-95.36969
머스키건	US	43.23418	-86.24839
머콤	US	40.45921	-90.67180
머프리즈버러	US	35.84562	-86.39027
먼로	US	32.50931	-92.11930
먼로	US	34.98543	-80.54951
먼로	US	41.91643	-83.39771
먼로	US	47.85538	-121.97096
메드퍼드	US	42.32652	-122.87559
메드퍼드	US	42.41843	-71.10616
메리빌	US	35.75647	-83.97046
메리즈빌	US	40.23645	-83.36714
메리즈빌	US	48.05176	-122.17708
메사	US	33.42227	-111.82264
메스키트	US	32.76680	-96.59916
메스키트	US	36.80553	-114.06719
메이우드	US	33.98668	-118.18535
메이우드	US	41.87920	-87.84312
메이컨	US	32.84069	-83.63240
메타리	US	29.98409	-90.15285
멘로파크	US	37.45383	-122.18219
멤피스	US	35.14953	-90.04898
모건타운	US	39.62953	-79.95590
모레노밸리	US	33.93752	-117.23059
모리스타운	US	40.79677	-74.48154
모빌	US	30.69436	-88.04305
모스코	US	46.73239	-117.00017
모지스레이크	US	47.13014	-119.27808
몬로비아	US	34.14806	-117.99895
몬터레이	US	36.60024	-121.89468
몬테벨로	US	34.00946	-118.10535
몬트클레어	US	34.07751	-117.68978
몰든	US	42.42510	-71.06616
몽고메리	US	32.36681	-86.29997
무어	US	35.33951	-97.48670
미네통카	US	44.91330	-93.50329
미니애폴리스	US	44.97997	-93.26384
미니올라	US	40.74927	-73.64068
미들랜드	US	31.99735	-102.07791
미들타운	US	39.51506	-84.39828
미들타운	US	41.54566	-71.29144
미들타운	US	41.56232	-72.65065
미셔와카	US	41.66199	-86.15862
미션비에호	US	33.60002	-117.67200
미줄라	US	46.87215	-113.99400
밀브레	US	37.59855	-122.38719
밀브룩	US	32.47986	-86.36192
밀워키	US	43.03890	-87.90647
밀퍼드	US	41.22232	-73.05650
바스토	US	34.89859	-117.02282
바틀즈빌	US	36.74731	-95.98082
반스터블	US	41.70011	-70.29947
발레이오	US	38.10409	-122.25664
배턴루지	US	30.44332	-91.18747
배틀그라운드	US	45.78095	-122.53343
배틀크리크	US	42.31730	-85.17816
백베이	US	42.35010	-71.08700
밴나이즈	US	34.18667	-118.44897
밴쿠버	US	45.63873	-122.66149
밸퍼레이조	US	41.47309	-87.06114
뱅고어	US	44.79884	-68.77265
버밍햄	US	33.52066	-86.80249
버뱅크	US	34.18084	-118.30897
버윈	US	41.85059	-87.79367
버지니아비치	US	36.85293	-75.97799
버클리	US	37.87159	-122.27275
버펄로	US	42.88645	-78.87837
벅아이	US	33.37032	-112.58378
벌링게임	US	37.58410	-122.36608
벌링턴	US	36.09569	-79.43780
벌링턴	US	44.47588	-73.21207
베니스	US	33.99084	-118.46008
베데스다	US	38.98067	-77.10026
베벌리	US	42.55843	-70.88005
베벌리힐스	US	34.07362	-118.40036
베서머	US	33.40178	-86.95444
베스페이지	US	40.74427	-73.48207
베슬리헴	US	40.62593	-75.37046
베이시티	US	28.98276	-95.96940
베이시티	US	43.59447	-83.88886
베이온	US	40.66871	-74.11431
베이커즈필드	US	35.37329	-119.01871
베이타운	US	29.73550	-94.97743
베클리	US	37.77817	-81.18816
벤턴	US	34.56454	-92.58683
벤턴빌	US	36.37285	-94.20882
벤투라	US	34.27834	-119.29317
벨라비스타	US	36.48070	-94.27134
벨레어	US	29.70579	-95.45883
벨링햄	US	48.75955	-122.48822
벨뷰	US	47.61038	-122.20068
벨빌	US	38.52005	-89.98399
벨턴	US	31.05601	-97.46445
벨플라워	US	33.88168	-118.11701
벼리언	US	47.47038	-122.34679
보몬트	US	30.08605	-94.10185
보몬트	US	33.92946	-116.97725
보셀	US	47.76232	-122.20540
보셔시티	US	32.51599	-93.73212
보스턴	US	42.35843	-71.05977
보이시	US	43.61350	-116.20345
보인턴비치	US	26.52535	-80.06643
보카러톤	US	26.35869	-80.08310
볼더	US	40.01499	-105.27055
볼드윈파크	US	34.08529	-117.96090
볼링그린	US	36.99032	-86.44360
볼링그린	US	41.37477	-83.65132
볼티모어	US	39.29038	-76.61219
불더시티	US	35.97859	-114.83249
브라운우드	US	31.70932	-98.99116
브라운즈빌	US	25.90175	-97.49748
브라이언	US	30.67436	-96.36996
브락튼	US	42.08343	-71.01838
브랜드	US	27.93780	-82.28592
브런즈윅	US	31.15013	-81.49147
브런즈윅	US	41.23811	-81.84180
브런즈윅	US	43.91452	-69.96533
브레머튼	US	47.56732	-122.63264
브레아	US	33.91668	-117.90006
브레이든턴	US	27.49893	-82.57482
브렌트우드	US	34.05195	-118.47397
브렌트우드	US	37.93187	-121.69579
브로큰애로	US	36.05260	-95.79082
브루클라인	US	42.33176	-71.12116
브루클린	US	40.65010	-73.94958
브루클린파크	US	45.09413	-93.35634
브리스틀	US	41.67176	-72.94927
브리지뷰	US	41.75003	-87.80422
브리지포트	US	41.17923	-73.18945
블랙스버그	US	37.22957	-80.41394
블루밍턴	US	39.16533	-86.52639
블루밍턴	US	40.48420	-88.99369
블루밍턴	US	44.84080	-93.29828
블루아일랜드	US	41.65726	-87.68005
비로비치	US	27.63864	-80.39727
비버턴	US	45.48706	-122.80371
비스타	US	33.20004	-117.24254
비즈마크	US	46.80833	-100.78374
빅스버그	US	32.35265	-90.87788
빅터빌	US	34.53611	-117.29116
빅토리아	US	28.80527	-97.00360
빌럭시	US	30.39603	-88.88531
빙엄턴	US	42.09869	-75.91797
사우스벤드	US	41.68338	-86.25001
사우스브리지	US	42.07510	-72.03341
사우스패서디나	US	34.11612	-118.15035
사우스필드	US	42.47337	-83.22187
사우전드오크스	US	34.17056	-118.83759
사이프러스	US	33.81696	-118.03729
사후아리타	US	31.95758	-110.95565
산타페	US	35.68698	-105.93780
산호세	US	37.33939	-121.89496
산후안카피스트라노	US	33.50169	-117.66255
살리나스	US	36.67774	-121.65550
새기노	US	43.41947	-83.95081
새러소타	US	27.33643	-82.53065
새러토가스프링스	US	43.08313	-73.78457
새크라멘토	US	38.58157	-121.49440
샌게이브리얼	US	34.09611	-118.10583
샌디에고	US	32.71571	-117.16472
샌라몬	US	37.77993	-121.97802
샌루이스오비스포	US	35.28275	-120.65962
샌리앤드로	US	37.72493	-122.15608
샌마코스	US	33.14337	-117.16614
샌머테이오	US	37.56299	-122.32553
샌버너디노	US	34.10834	-117.28977
샌안토니오	US	29.42412	-98.49363
샌앤젤로	US	31.46377	-100.43704
샌재신토	US	33.78391	-116.95864
샌클레멘테	US	33.42697	-117.61199
샌타로자	US	38.44047	-122.71443
샌타마리아	US	34.95303	-120.43572
샌타모니카	US	34.01949	-118.49138
샌타바버라	US	34.42083	-119.69819
샌타애나	US	33.74557	-117.86783
샌타크루즈	US	36.97412	-122.03080
샌타클라리타	US	34.39166	-118.54259
샌타클래라	US	37.35411	-121.95524
샌티	US	32.83838	-116.97392
샌퍼넌도	US	34.28195	-118.43897
샌퍼드	US	28.80055	-81.27312
샌프란	US	37.77493	-122.41942
샌피드로	US	33.73585	-118.29229
샤이엔	US	41.13998	-104.82025
샬러츠빌	US	38.02931	-78.47668
샬럿	US	35.22709	-80.84313
샴버그	US	42.03336	-88.08341
섐페인	US	40.11642	-88.24338
서니베일	US	37.36883	-122.03635
서니사이드	US	46.32374	-120.00865
서머빌	US	42.38760	-71.09950
서밋	US	40.71562	-74.36468
서배너	US	32.08354	-81.09983
서시	US	35.25064	-91.73625
서퍽	US	36.72836	-76.58496
서프라이즈	US	33.63059	-112.33322
선더스키	US	41.44894	-82.70796
선라이즈	US	26.13397	-80.11310
설라이나	US	38.84028	-97.61142
세리토스	US	33.85835	-118.06479
세인트루이스	US	38.62727	-90.19789
세인트조지프	US	39.76861	-94.84663
세인트폴	US	44.94441	-93.09327
세일럼	US	42.51977	-70.89552
세일럼	US	44.94290	-123.03510
센트레일리아	US	46.71621	-122.95430
셀마	US	32.40736	-87.02110
셀마	US	36.57078	-119.61208
셔먼오크스	US	34.15112	-118.44925
셜리	US	40.80149	-72.86760
셰이커하이츠	US	41.47394	-81.53707
셸비빌	US	39.52144	-85.77692
솔리다드	US	36.42469	-121.32632
솔즈베리	US	38.36067	-75.59937
솔트레이크시티	US	40.76078	-111.89105
쇼니	US	35.32729	-96.92530
쇼니	US	39.04167	-94.72024
쇼라인	US	47.75565	-122.34152
수시티	US	42.49999	-96.40031
수폴스	US	43.54369	-96.72796
슈거랜드	US	29.61968	-95.63495
슈리브포트	US	32.52515	-93.75018
스코츠데일	US	33.50921	-111.89903
스코키	US	42.03336	-87.73339
스크랜턴	US	41.40916	-75.66490
스키넥터디	US	42.81424	-73.93957
스탁빌	US	33.45049	-88.81961
스탬퍼드	US	41.05343	-73.53873
스털링하이츠	US	42.58031	-83.03020
스톡턴	US	37.95770	-121.29078
스튜어트	US	27.19755	-80.25283
스트랫퍼드	US	41.18454	-73.13317
스티븐스포인트	US	44.52358	-89.57456
스틸워터	US	36.11561	-97.05837
스틸워터	US	45.05636	-92.80604
스파크스	US	39.53491	-119.75269
스파턴버그	US	34.94957	-81.93205
스포캔	US	47.65966	-117.42908
스포캔밸리	US	47.67323	-117.23937
스프링	US	30.07994	-95.41716
스프링데일	US	36.18674	-94.12881
스프링밸리	US	36.10803	-115.24500
스프링빌	US	40.16523	-111.61075
스프링필드	US	37.21533	-93.29824
스프링필드	US	39.80172	-89.64371
스프링필드	US	39.92423	-83.80882
스프링필드	US	42.10148	-72.58981
스프링필드	US	44.04624	-123.02203
시더래피즈	US	42.00833	-91.64407
시더시티	US	37.67748	-113.06189
시더파크	US	30.50520	-97.82029
시더폴스	US	42.52776	-92.44547
시러큐스	US	43.04812	-76.14742
시미밸리	US	34.26945	-118.78148
시서로	US	41.84559	-87.75394
시애틀	US	47.60621	-122.33207
시카고	US	41.85003	-87.65005
시카고하이츠	US	41.50615	-87.63560
시택	US	47.44846	-122.29217
신시내티	US	39.12711	-84.51439
실버스프링	US	38.99067	-77.02609
실비치	US	33.74141	-118.10479
아나코티스	US	48.51260	-122.61267
아나폴리스	US	38.97859	-76.49184
아델란토	US	34.58277	-117.40922
아르카타	US	40.86652	-124.08284
아배다	US	39.80276	-105.08748
아시엔다하이츠	US	33.99307	-117.96868
아이오와시티	US	41.66113	-91.53017
아일라비스타	US	34.41333	-119.86097
아주사	US	34.13362	-117.90756
아케이디아	US	34.13973	-118.03534
아틀란타	US	33.74900	-84.38798
안소니아	US	41.34621	-73.07900
안티오크	US	38.00492	-121.80579
알렉산드리아	US	31.31129	-92.44514
알렉산드리아	US	38.80484	-77.04692
알링턴	US	32.73569	-97.10807
알링턴	US	48.19871	-122.12514
애너하임	US	33.83529	-117.91450
애니스턴	US	33.65983	-85.83163
애머릴로	US	35.22200	-101.83130
애머스트	US	42.36723	-72.51852
애버딘	US	39.50956	-76.16412
애버딘	US	45.46470	-98.48648
애버딘	US	46.97537	-123.81572
애번투라	US	25.95648	-80.13921
애빌린	US	32.44874	-99.73314
애선스	US	33.96095	-83.37794
애선스	US	34.80243	-86.97219
애선스	US	39.32924	-82.10126
애슈번	US	39.04372	-77.48749
애슈빌	US	35.60095	-82.55402
애슈터뷸라	US	41.86505	-80.78981
애슐랜드	US	37.69465	-122.11385
애슐랜드	US	38.47841	-82.63794
애슐랜드	US	40.86867	-82.31822
애슐랜드	US	42.19458	-122.70948
애슐랜드	US	42.26121	-71.46340
애스토리아	US	40.77205	-73.93014
애즈베리파크	US	40.22039	-74.01208
애크런	US	41.08144	-81.51901
애틀랜틱시티	US	39.36415	-74.42306
애플밸리	US	34.50083	-117.18588
애플밸리	US	44.73191	-93.21772
애플턴	US	44.26193	-88.41538
앤더슨	US	34.50344	-82.65013
앤더슨	US	40.10532	-85.68025
앤아버	US	42.27756	-83.74088
앨라모고도	US	32.89953	-105.96027
앨러미다	US	37.77099	-122.26087
앨런	US	33.10317	-96.67055
앨런타운	US	40.60843	-75.49018
앨버커키	US	35.08449	-106.65114
앨투나	US	40.51868	-78.39474
앰스터댐	US	42.93869	-74.18819
앵커리지	US	61.21806	-149.90028
야키마	US	46.60207	-120.50590
어바인	US	33.66946	-117.82311
어배너	US	40.11059	-88.20727
어빙	US	32.81402	-96.94889
어퍼웨스트사이드	US	40.78705	-73.97542
얼라이언스	US	40.91534	-81.10593
업랜드	US	34.09751	-117.64839
에드먼드	US	35.65283	-97.47810
에드먼즈	US	47.81065	-122.37736
에디슨	US	40.51872	-74.41210
에버렛	US	42.40843	-71.05366
에버렛	US	47.97898	-122.20208
에번스턴	US	42.04114	-87.69006
에번즈빌	US	37.97476	-87.55585
에스콘디도	US	33.11921	-117.08642
에이다	US	34.77453	-96.67834
에임스	US	42.03471	-93.61994
에임즈베리	US	42.85842	-70.93005
엔시노	US	34.15917	-118.50119
엔시니터스	US	33.03699	-117.29198
엘긴	US	42.03725	-88.28119
엘렌스버그	US	46.99651	-120.54785
엘리자베스	US	40.66399	-74.21070
엘몬테	US	34.06862	-118.02757
엘세군도	US	33.91918	-118.41647
엘센트로	US	32.79200	-115.56305
엘에이	US	34.05223	-118.24368
엘카혼	US	32.79477	-116.96253
엘크그로브	US	38.40880	-121.37162
엘크릿지	US	39.21261	-76.71358
엘패소	US	31.75872	-106.48693
엠포리아	US	38.40390	-96.18166
엥글우드	US	40.89288	-73.97264
영스타운	US	41.09978	-80.64952
오거스타	US	33.47097	-81.97484
오거스타	US	44.31062	-69.77949
오그던	US	41.22300	-111.97383
오렌지	US	33.78779	-117.85311
오로라	US	39.72943	-104.83192
오로밸리	US	32.39091	-110.96649
오린다	US	37.87715	-122.17969
오마하	US	41.25626	-95.94043
오번	US	32.60986	-85.48078
오번	US	42.19454	-71.83563
오번	US	42.93173	-76.56605
오번	US	44.09785	-70.23117
오번	US	47.30732	-122.22845
오번힐스	US	42.68753	-83.23410
오벌랜드파크	US	38.98223	-94.67079
오션사이드	US	33.19587	-117.37948
오스틴	US	30.26715	-97.74306
오언즈버러	US	37.77422	-87.11333
오와토나	US	44.08385	-93.22604
오캘라	US	29.18720	-82.14009
오크리지	US	36.01036	-84.26964
오크파크	US	42.45948	-83.18271
오클라호마시티	US	35.46756	-97.51643
오클랜드	US	37.80437	-122.27080
오클레어	US	44.81135	-91.49849
오텀와	US	41.02001	-92.41130
옥스나드	US	34.19750	-119.17705
옥스퍼드	US	33.61427	-85.83496
옥스퍼드	US	34.36650	-89.51925
온타리오	US	34.06334	-117.65089
올랜도	US	28.53834	-81.37924
올림피아	US	47.04491	-122.90169
올버니	US	31.57851	-84.15574
올버니	US	37.88687	-122.29775
올버니	US	42.65258	-73.75623
와이파후	US	21.38667	-158.00917
와일루쿠	US	20.89133	-156.50604
와하이와	US	21.50279	-158.02464
왈라왈라	US	46.06458	-118.34302
요크	US	39.96260	-76.72774
용커스	US	40.93040	-73.89789
우드베리	US	44.92386	-92.95938
우드스톡	US	42.31474	-88.44870
우들랜드	US	38.67852	-121.77330
우번	US	42.47926	-71.15228
우스터	US	42.26259	-71.80229
운소켓	US	42.00288	-71.51478
워런	US	41.23756	-80.81842
워런	US	42.49044	-83.01304
워릭	US	41.70010	-71.41617
워싱턴하이츠	US	40.85010	-73.93541
워키건	US	42.36363	-87.84479
워터베리	US	41.55815	-73.05150
워터빌	US	44.55201	-69.63171
워터타운	US	42.37093	-71.18283
워터타운	US	43.19472	-88.72899
워터타운	US	44.89941	-97.11507
워털루	US	42.49276	-92.34296
웍서해치	US	32.38653	-96.84833
월넛크릭	US	37.90631	-122.06496
월도프	US	38.62456	-76.93914
월링퍼드	US	41.45704	-72.82316
웨스라코	US	26.15952	-97.99084
웨스트뉴욕	US	40.78788	-74.01431
웨스트라피엣	US	40.42587	-86.90807
웨스트멤피스	US	35.14648	-90.18454
웨스트빌리지	US	40.73361	-74.00917
웨스트조던	US	40.60967	-111.93910
웨스트체스터	US	25.75482	-80.32727
웨스트체스터	US	39.96097	-75.60804
웨스트컬럼비아	US	33.99349	-81.07398
웨스트코비나	US	34.06862	-117.93895
웨스트팜비치	US	26.71534	-80.05337
웨스트퍼드	US	42.57926	-71.43784
웨스트포트	US	41.14149	-73.35790
웨스트필드	US	40.04282	-86.12749
웨스트필드	US	40.65899	-74.34737
웨스트필드	US	42.12509	-72.74954
웨스트할리우드	US	34.09001	-118.36174
웨스틀랜드	US	42.32420	-83.40021
웨이머스	US	42.22093	-70.93977
웨이코	US	31.54933	-97.14667
위노나	US	44.04996	-91.63932
위치토	US	37.69224	-97.33754
위치토폴스	US	33.91371	-98.49339
윈스럽	US	42.37510	-70.98283
윈스턴세일럼	US	36.09986	-80.24422
윈저	US	41.85260	-72.64370
윈체스터	US	36.12997	-115.11889
윈체스터	US	37.99008	-84.17965
윈체스터	US	39.18566	-78.16333
윈체스터	US	42.45232	-71.13700
윈터파크	US	28.60000	-81.33924
윌리엄스버그	US	37.27070	-76.70746
윌멧	US	42.07225	-87.72284
윌밍턴	US	34.23556	-77.94604
윌밍턴	US	39.74595	-75.54659
윌크스바	US	41.24591	-75.88131
유니버설시티	US	34.13890	-118.35341
유니언데일	US	40.70038	-73.59291
유니언시티	US	37.59577	-122.01913
유니언시티	US	40.77955	-74.02375
유리카	US	40.80207	-124.16367
유밸디	US	29.20968	-99.78617
유진	US	44.05207	-123.08675
유카밸리	US	34.11417	-116.43224
유카이아	US	39.15017	-123.20778
유카이파	US	34.03363	-117.04309
유클리드	US	41.59310	-81.52679
이글마운틴	US	40.31412	-112.00688
이니드	US	36.39559	-97.87839
이리	US	42.12922	-80.08506
이사카	US	42.44063	-76.49661
이사콰	US	47.53010	-122.03262
이스턴	US	40.68843	-75.22073
이스트랜싱	US	42.73698	-84.48387
이스트로스앤젤레스	US	34.02390	-118.17202
이스트메도	US	40.71399	-73.55902
이스트베일	US	33.96358	-117.56418
이스트빌리지	US	40.72927	-73.98736
이스트시카고	US	41.63920	-87.45476
이스트클리블랜드	US	41.53311	-81.57901
이스트할렘	US	40.79472	-73.94250
인디애나폴리스	US	39.76838	-86.15804
인디오	US	33.72070	-116.21677
인디펜던스	US	39.09112	-94.41551
임피리얼비치	US	32.58394	-117.11308
입실랜티	US	42.24115	-83.61299
잉글우드	US	33.96168	-118.35313
자메이카	US	40.69149	-73.80569
자이언	US	42.44613	-87.83285
재커리	US	30.64852	-91.15650
잭슨	US	32.29876	-90.18481
잭슨	US	35.61452	-88.81395
잭슨빌	US	30.33218	-81.65565
잭슨빌	US	34.86620	-92.11015
잭슨하이츠	US	40.75566	-73.88541
저지시티	US	40.72816	-74.07764
제인스빌	US	42.68279	-89.01872
제임스타운	US	42.09700	-79.23533
제임스타운	US	46.91054	-98.70844
제퍼슨시티	US	38.57670	-92.17352
조지타운	US	38.20980	-84.55883
조플린	US	37.08423	-94.51328
존스크릭	US	34.02893	-84.19858
존스타운	US	40.32674	-78.92197
존슨시티	US	36.31344	-82.35347
존즈버러	US	35.84230	-90.70428
주노	US	58.30194	-134.41972
차이나타운	US	40.71649	-73.99625
찰스턴	US	32.77632	-79.93275
찰스턴	US	38.34982	-81.63262
채터누가	US	35.04563	-85.30968
챈들러	US	33.30616	-111.84125
체서피크	US	36.81904	-76.27494
체셔	US	41.49899	-72.90066
체스터	US	39.84753	-75.35785
첼시	US	42.39176	-71.03283
출라비스타	US	32.64005	-117.08420
치노	US	34.01223	-117.68894
치코	US	39.72849	-121.83748
카네오헤	US	21.39994	-157.79895
카니	US	40.69946	-99.08148
카멀	US	39.97837	-86.11804
카본데일	US	37.72727	-89.21675
카슨	US	33.83141	-118.28202
카슨시티	US	39.16380	-119.76740
카이어호가폴스	US	41.13394	-81.48456
카일루아	US	21.40241	-157.74054
카폴레이	US	21.33555	-158.05820
카훌루이	US	20.88933	-156.47293
칼라바사스	US	34.15778	-118.63842
칼라일	US	40.20148	-77.18887
칼리스펠	US	48.19579	-114.31291
칼리지스테이션	US	30.62798	-96.33441
칼리지파크	US	38.98067	-76.93692
칼즈배드	US	32.42067	-104.22884
칼즈배드	US	33.15809	-117.35059
캐럴턴	US	32.95373	-96.89028
캐머릴로	US	34.21639	-119.03760
캐벗	US	34.97453	-92.01653
캐사그랜디	US	32.87950	-111.75735
캐스트로밸리	US	37.69410	-122.08635
캐스퍼	US	42.86663	-106.31308
캐피틀힐	US	38.88900	-77.00025
캔자스시티	US	39.09973	-94.57857
캘러머주	US	42.29171	-85.58723
캠던	US	39.92595	-75.11962
캠벨	US	37.28717	-121.94996
커노샤	US	42.58474	-87.82119
커머스시티	US	39.80832	-104.93387
커빙턴	US	39.08367	-84.50855
커빙턴	US	47.35818	-122.12216
커클랜드	US	47.68149	-122.20874
컬럼비아	US	34.00071	-81.03481
컬럼비아	US	38.95171	-92.33407
컬럼비아	US	39.24038	-76.83942
컬먼	US	34.17482	-86.84361
컬버시티	US	34.02112	-118.39647
컴벌랜드	US	39.65287	-78.76252
케너윅	US	46.21125	-119.13723
케리	US	35.79154	-78.78112
케이프지라도	US	37.30588	-89.51815
케이프코럴	US	26.56285	-81.94953
케임브리지	US	42.37510	-71.10561
케터링	US	39.68950	-84.16883
켄트	US	41.15367	-81.35789
켄트	US	47.38093	-122.23484
켄트우드	US	42.86947	-85.64475
코니아일랜드	US	40.57788	-73.99403
코니어스	US	33.66761	-84.01769
코럴게이블즈	US	25.72149	-80.26838
코럴스프링스	US	26.27119	-80.27060
코로나	US	33.87529	-117.56644
코리아타운	US	34.05779	-118.30091
코밸리스	US	44.56457	-123.26204
코비나	US	34.09001	-117.89034
코첼라	US	33.68030	-116.17389
코코나	US	44.27804	-88.27205
코티지그로브	US	44.82774	-92.94382
코퍼스크리스티	US	27.80058	-97.39638
코페이그	US	40.68149	-73.39984
코호스	US	42.77424	-73.70012
콘웨이	US	35.08870	-92.44210
콜드웰	US	43.66294	-116.68736
콜럼버스	US	32.46098	-84.98771
콜럼버스	US	39.96118	-82.99879
콜럼버스	US	41.42973	-97.36838
콜로라도스프링스	US	38.83388	-104.82136
콜리빌	US	32.88096	-97.15501
콜턴	US	34.07390	-117.31365
콤프턴	US	33.89585	-118.22007
콩코드	US	42.46037	-71.34895
콩코드	US	43.20814	-71.53757
쿠퍼티노	US	37.32300	-122.03218
쿤래피즈	US	45.11997	-93.28773
퀸시	US	39.93560	-91.40987
퀸시	US	42.25288	-71.00227
크리스털	US	45.03274	-93.36023
클레어몬트	US	34.09668	-117.71978
클로비스	US	36.82523	-119.70292
클리블랜드	US	41.49950	-81.69541
클리어레이크	US	38.95823	-122.62637
클리어워터	US	27.96585	-82.80010
클리프턴	US	40.85843	-74.16376
클린턴	US	38.76511	-76.89831
키웨스트	US	24.55524	-81.78163
키헤이	US	20.76462	-156.44578
킬린	US	31.11712	-97.72780
킹스빌	US	27.51587	-97.85611
킹스턴	US	41.92704	-73.99736
타이거드	US	45.43123	-122.77149
탈레콰	US	35.91537	-94.96996
탤러디가	US	33.43594	-86.10580
탤러해시	US	30.43826	-84.28073
탬파	US	27.94752	-82.45843
터스컬루사	US	33.20984	-87.56917
터스틴	US	33.74585	-117.82617
터코마	US	47.25288	-122.44429
털리도	US	41.66394	-83.55521
테럴	US	32.73596	-96.27526
테레호테	US	39.46670	-87.41391
테일러스빌	US	40.66772	-111.93883
텍사캐나	US	33.42513	-94.04769
텍사캐나	US	33.44179	-94.03769
템플	US	31.09823	-97.34278
템플시티	US	34.10723	-118.05785
템피	US	33.41477	-111.90931
토런스	US	33.83585	-118.34063
토머스빌	US	30.83658	-83.97878
토머스빌	US	35.88264	-80.08199
토피카	US	39.04833	-95.67804
톤턴	US	41.90010	-71.08977
톰스리버	US	39.95373	-74.19792
투손	US	32.22174	-110.92648
투웬티나인팜스	US	34.13556	-116.05417
투펄로	US	34.25807	-88.70464
트래버스시티	US	44.76306	-85.62063
트러키	US	39.32796	-120.18325
트렌턴	US	40.21705	-74.74294
트렌턴	US	42.13949	-83.17826
트로이	US	31.80877	-85.96995
트로이	US	40.03950	-84.20328
트로이	US	42.60559	-83.14993
트로이	US	42.72841	-73.69179
파고	US	46.87719	-96.78980
파마	US	41.40477	-81.72291
파밍턴힐스	US	42.48531	-83.37716
파운틴밸리	US	33.70918	-117.95367
파웨이	US	32.96282	-117.03586
파인블러프	US	34.22843	-92.00320
파커즈버그	US	39.26674	-81.56151
파크리지	US	42.01114	-87.84062
파클랜드	US	26.31008	-80.23727
팔레스타인	US	31.76212	-95.63079
팜데저트	US	33.72255	-116.37697
팜스프링스	US	33.83030	-116.54529
패너마시티	US	30.15946	-85.65983
패러다이스	US	36.09719	-115.14666
패러다이스	US	39.75961	-121.62192
패서디나	US	29.69106	-95.20910
패서디나	US	34.14778	-118.14452
패터슨	US	40.91677	-74.17181
팰로앨토	US	37.44188	-122.14302
팰리세이즈파크	US	40.84816	-73.99764
퍼거슨	US	38.74422	-90.30539
퍼듀카	US	37.08339	-88.60005
퍼세이익	US	40.85677	-74.12848
퍼스앰보이	US	40.50677	-74.26542
퍼시픽팰리세이즈	US	34.04806	-118.52647
페더럴웨이	US	47.32232	-122.31262
페어뱅크스	US	64.83778	-147.71639
페어팩스	US	38.84622	-77.30637
페어필드	US	38.24936	-122.03997
페어필드	US	41.14121	-73.26373
페오리아	US	33.58060	-112.23738
페이슨	US	34.23087	-111.32514
페이슨	US	40.04440	-111.73215
페이엣빌	US	35.05266	-78.87836
페이엣빌	US	36.06258	-94.15743
펜서콜라	US	30.42131	-87.21691
펨브로크파인즈	US	26.00315	-80.22394
포기보텀	US	38.90150	-77.06220
포모나	US	34.05529	-117.75228
포스터시티	US	37.55855	-122.27108
포인트플레전트	US	40.08317	-74.06819
포츠머스	US	36.83543	-76.29827
포츠머스	US	43.07704	-70.75766
포커텔로	US	42.87130	-112.44553
포킵시	US	41.70037	-73.92097
포터컷	US	41.87871	-71.38256
포트로더데일	US	26.12231	-80.14338
포트리	US	40.85093	-73.97014
포트마이어스	US	26.62168	-81.84059
포트아서	US	29.88519	-93.94233
포트앤젤레스	US	48.11815	-123.43074
포트워스	US	32.72541	-97.32085
포트월턴비치	US	30.42059	-86.61707
포트웨인	US	41.13060	-85.12886
포트콜린스	US	40.58526	-105.08442
포틀랜드	US	27.87725	-97.32388
포틀랜드	US	43.65737	-70.25890
포틀랜드	US	45.52345	-122.67621
폰태나	US	34.09223	-117.43505
폰티액	US	42.63892	-83.29105
폴리	US	30.40659	-87.68360
폼파노비치	US	26.23786	-80.12477
푸에블로	US	38.25445	-104.60914
퓨앨럽	US	47.18538	-122.29290
프랭크퍼트	US	38.20091	-84.87328
프랭클린	US	35.92506	-86.86889
프랭클린	US	39.48061	-86.05499
프랭클린	US	42.08343	-71.39673
프레더릭	US	39.41427	-77.41054
프레더릭스버그	US	38.30318	-77.46054
프레이밍햄	US	42.27926	-71.41617
프레즈노	US	36.74773	-119.77237
프로보	US	40.23384	-111.65853
프로비던스	US	41.82399	-71.41283
프리들리	US	45.08608	-93.26328
프리몬트	US	37.54827	-121.98857
프리몬트	US	41.35033	-83.12186
프리스코	US	33.15067	-96.82361
프리포트	US	40.65760	-73.58318
프리포트	US	42.29669	-89.62123
프린스턴	US	40.34872	-74.65905
플라센티아	US	33.87224	-117.87034
플래그스태프	US	35.19807	-111.65127
플레이노	US	33.01984	-96.69889
플레인필드	US	39.70421	-86.39944
플레인필드	US	40.63371	-74.40737
플레인필드	US	41.62697	-88.20395
플레인필드	US	41.67649	-71.91507
플레전턴	US	37.66243	-121.87468
플로렌스	US	33.03145	-111.38734
플로렌스	US	34.19543	-79.76256
플로렌스	US	34.79981	-87.67725
플리머스	US	45.01052	-93.45551
플린트	US	43.01253	-83.68746
피닉스	US	33.44838	-112.07404
피오리아	US	40.69365	-89.58899
피츠버그	US	38.02798	-121.88468
피츠버그	US	40.44062	-79.99589
피츠필드	US	42.45008	-73.24538
피치버그	US	42.58342	-71.80230
피터스버그	US	37.22793	-77.40193
픽스킬	US	41.29009	-73.92042
핀들레이	US	41.04422	-83.64993
필라델피아	US	39.95238	-75.16362
필모어	US	34.39916	-118.91815
하비	US	41.61003	-87.64671
하이얼리아	US	25.85760	-80.27811
하일랜드	US	34.12834	-117.20865
하일랜드파크	US	42.18169	-87.80034
하트퍼드	US	41.76371	-72.68509
할렘	US	40.80788	-73.94542
할리우드	US	26.01120	-80.14949
할리우드	US	34.09834	-118.32674
할링전	US	26.19063	-97.69610
해리스버그	US	40.27370	-76.88442
해리슨	US	40.74649	-74.15626
해먼드	US	41.58337	-87.50004
해밀턴	US	39.39950	-84.56134
해컨색	US	40.88593	-74.04347
해티즈버그	US	31.32712	-89.29034
핸퍼드	US	36.32745	-119.64568
햄트래믹	US	42.39282	-83.04964
햄프턴	US	37.02987	-76.34522
허모사비치	US	33.86224	-118.39952
허큘리스	US	38.01714	-122.28858
헌츠빌	US	30.72353	-95.55078
헌츠빌	US	34.73040	-86.58594
헌팅턴	US	38.41925	-82.44515
헌팅턴	US	40.86815	-73.42568
헌팅턴	US	40.88310	-85.49748
헌팅턴비치	US	33.66030	-117.99923
헤리먼	US	40.51411	-112.03299
헤스페리아	US	34.42639	-117.30088
헤이거스타운	US	39.64176	-77.71999
헤이브릴	US	42.77620	-71.07728
헤이스	US	38.87918	-99.32677
헤이워드	US	37.66882	-122.08080
헤이즐턴	US	40.95842	-75.97465
헨더슨	US	36.03970	-114.98194
헨더슨	US	36.32959	-78.39916
헨더슨빌	US	36.30477	-86.62000
헬레나	US	46.59271	-112.03611
호놀룰루	US	21.30694	-157.85833
호마	US	29.59577	-90.71953
호보컨	US	40.74399	-74.03236
호손	US	33.91640	-118.35257
홀랜드	US	42.78752	-86.10893
홀리스터	US	36.85245	-121.40160
화이트플레인스	US	41.03399	-73.76291
휘턴	US	41.86614	-88.10701
휘티어	US	33.97918	-118.03284
휠링	US	40.06396	-80.72091
휴스턴	US	29.76328	-95.36327
히빙	US	47.42715	-92.93769
힐로	US	19.72991	-155.09073
힐즈버러	US	45.52289	-122.98983
힐크레스트하이츠	US	38.83289	-76.95942
도로레스	UY	-33.53009	-58.21701
두라스노	UY	-33.38063	-56.52312
라스피에드라스	UY	-34.73020	-56.21915
라파스	UY	-34.76031	-56.22590
로차	UY	-34.47995	-54.33064
리베라	UY	-30.90534	-55.55076
말도나도	UY	-34.89791	-54.95021
메르세데스	UY	-33.25240	-58.03047
멜로	UY	-32.36820	-54.16409
몬테비데오	UY	-34.90328	-56.18816
미나스	UY	-34.37589	-55.23771
산카를로스	UY	-34.79123	-54.91824
산타루시아	UY	-34.45333	-56.39056
산호세데마요	UY	-34.33898	-56.71339
살토	UY	-31.38811	-57.95983
아르티가스	UY	-30.40431	-56.46926
카멜로	UY	-34.00023	-58.28402
콜로니아델사크라멘토	UY	-34.46262	-57.83976
타콰렘보	UY	-31.71882	-55.97925
트레인타이트레스	UY	-33.23100	-54.38577
트리니다드	UY	-33.51650	-56.89957
파이산두	UY	-32.31710	-58.08072
판도	UY	-34.71716	-55.95840
프라이벤토스	UY	-33.11651	-58.31067
프로그레소	UY	-34.66737	-56.21758
굴리스탄	UZ	40.49536	68.77542
나망간	UZ	40.99830	71.67257
나보이	UZ	40.08444	65.37917
누쿠스	UZ	42.45861	59.60576
무바레크	UZ	39.25528	65.15278
부하라	UZ	39.77026	64.43069
사마르칸트	UZ	39.65456	66.96445
안디잔	UZ	40.78338	72.35067
알말리크	UZ	40.84472	69.59833
앙그렌	UZ	41.01667	70.14361
우르겐치	UZ	41.55177	60.63143
지자흐	UZ	40.13351	67.82956
치르치크	UZ	41.46889	69.58222
카르시	UZ	38.86056	65.78905
코칸트	UZ	40.52861	70.94250
타슈켄트	UZ	41.26465	69.21627
페르가나	UZ	40.38421	71.78432
바티칸	VA	41.90268	12.45414
킹스타운	VC	13.15527	-61.22742
과나레	VE	9.03934	-69.73364
과티레	VE	10.47400	-66.54241
라과이라	VE	10.60156	-66.93293
로스테케스	VE	10.34954	-67.04266
마라카이	VE	10.24972	-67.59475
마라카이보	VE	10.64232	-71.61089
마투린	VE	9.74569	-63.18323
메리다	VE	8.57899	-71.16922
바르셀로나	VE	10.13840	-64.68769
바르키시메토	VE	10.06470	-69.35703
바리나스	VE	8.62064	-70.23105
발렌시아	VE	10.16153	-68.00044
산카를로스	VE	9.66415	-68.58659
산크리스토발	VE	7.76593	-72.23576
산펠리페	VE	10.34010	-68.74297
시우다드과야나	VE	8.35122	-62.64102
시우다드볼리바르	VE	8.12366	-63.54694
아카리과	VE	9.55451	-69.19564
엘티그레	VE	8.88902	-64.25270
카라카스	VE	10.48801	-66.87919
코로	VE	11.40769	-69.67822
쿠마나	VE	10.46390	-64.17859
트루히요	VE	9.36587	-70.43659
페타레	VE	10.47679	-66.80786
푸에르토아야쿠초	VE	5.66049	-67.58343
푸에르토카베요	VE	10.47306	-68.01250
로드타운	VG	18.42693	-64.62079
샬럿아말리에	VI	18.34190	-64.93070
꽝응아이	VN	15.12047	108.79232
꾸이년	VN	13.77648	109.22367
냐짱	VN	12.24507	109.19432
닌빈	VN	20.25809	105.97965
다낭	VN	16.06778	108.22083
디엔비엔푸	VN	21.38602	103.02301
떠이닌	VN	11.31004	106.09828
라오까이	VN	22.48556	103.97066
라지	VN	10.65993	107.77206
락자	VN	10.01245	105.08091
박장	VN	21.27307	106.19460
붕따우	VN	10.34599	107.08426
쁠래이꾸	VN	13.98333	108.00000
탄호아	VN	19.80000	105.76667
투저우못	VN	10.98040	106.65190
푸꼭	VN	10.22409	103.97156
하노이	VN	21.02450	105.84117
하띤	VN	18.34282	105.90569
할롱	VN	20.95045	107.07336
호이안	VN	15.87944	108.33500
호찌민	VN	10.82302	106.62965
후에	VN	16.46190	107.59546
포트빌라	VU	-17.73648	168.31366
마타우투	WF	-13.28163	-176.17453
아피아	WS	-13.83333	-171.76666
프리슈티나	XK	42.67272	21.16688
프리즈렌	XK	42.21389	20.73972
모카	YE	13.31814	43.24991
사나	YE	15.35452	44.20646
아덴	YE	12.77957	45.03852
이브	YE	13.96667	44.18333
마무주	YT	-12.78234	45.22878
그레이엄스타운	ZA	-33.30422	26.53276
넬스프루이트	ZA	-25.47512	30.96935
더반	ZA	-29.85790	31.02920
랜드버그	ZA	-26.09410	28.00123
로데포르트	ZA	-26.16250	27.87250
루스텐버그	ZA	-25.66756	27.24208
블룸폰테인	ZA	-29.12107	26.21400
비쇼	ZA	-32.84721	27.44218
소웨토	ZA	-26.26781	27.85849
스텔렌보스	ZA	-33.93462	18.86676
어핑턴	ZA	-28.44776	21.25612
요하네스버그	ZA	-26.20227	28.04363
울룬디	ZA	-28.33523	31.41617
이스트런던	ZA	-33.01529	27.91162
조지	ZA	-33.96300	22.46173
케이프타운	ZA	-33.92584	18.42322
킴벌리	ZA	-28.73226	24.76232
페레이니힝	ZA	-26.67313	27.92615
포체프스트롬	ZA	-26.71667	27.10000
포트엘리자베스	ZA	-33.96109	25.61494
폴로콰네	ZA	-23.90449	29.46885
프리토리아	ZA	-25.74486	28.18783
피터마리츠버그	ZA	-29.61679	30.39278
루사카	ZM	-15.40669	28.28713
루안샤	ZM	-13.13667	28.41661
리빙스턴	ZM	-17.84194	25.85425
만사	ZM	-11.19976	28.89431
솔웨지	ZM	-12.16880	26.38938
은돌라	ZM	-12.95867	28.63659
치파타	ZM	-13.63333	32.65000
칭골라	ZM	-12.52897	27.88382
카브웨	ZM	-14.44690	28.44644
카사마	ZM	-10.21289	31.18084
키트웨	ZM	-12.80243	28.21323
무타레	ZW	-18.97070	32.67086
불라와요	ZW	-20.15000	28.58333
카도마	ZW	-18.33328	29.91534
카리바	ZW	-16.51667	28.80000
퀘퀘	ZW	-18.92809	29.81486
하라레	ZW	-17.82772	31.05337
황게	ZW	-18.36446	26.49877
